Mouse_ID,Time,State,Lifetime,Intensity
1610,2,2,4.1592,2.3303
1610,2,2,4.1614,2.2975
1610,2,2,4.1572,2.3122
1610,2,2,4.15825,2.2868
1610,2,2,4.1696,2.296
1610,2,2,4.1548,2.2795
1610,2,2,4.15315,2.35215
1610,2,2,4.1427,2.24655
1610,2,2,4.1476,2.2998
1610,2,2,4.1477,2.3113
1610,2,2,4.15005,2.3062
1610,2,2,4.1544,2.3271
1610,2,2,4.1458,2.2558
1610,2,2,4.1492,2.2483
1610,2,2,4.1521,2.2133
1610,2,2,4.1684,2.2741
1610,2,2,4.15235,2.18605
1610,2,2,4.15485,2.20525
1610,2,2,4.1544,2.213
1610,2,2,4.15925,2.22085
1610,2,2,4.1553,2.20365
1610,2,2,4.1631,2.2255
1610,2,2,4.14335,2.3162
1610,2,2,4.1643,2.3067
1610,2,2,4.18595,2.28845
1610,2,2,4.1919,2.2688
1610,2,2,4.184,2.262
1610,2,2,4.188,2.237
1610,2,2,4.1803,2.2355
1610,2,2,4.1855,2.2528
1610,2,2,4.1823,2.2216
1610,2,2,4.1907,2.3039
1610,2,2,4.1864,2.3385
1610,2,2,4.1865,2.2776
1610,2,2,4.1804,2.24265
1610,2,2,4.1816,2.2167
1610,2,2,4.1819,2.233
1610,2,2,4.18425,2.23965
1610,2,2,4.1845,2.2276
1610,2,2,4.17185,2.3882
1610,2,2,4.1649,2.3193
1610,2,2,4.1885,2.3192
1610,2,2,4.1976,2.277
1610,2,2,NaN,NaN
1610,2,2,NaN,NaN
1610,2,2,NaN,NaN
1610,2,2,NaN,NaN
1610,2,2,NaN,NaN
1610,2,2,NaN,NaN
1610,2,2,NaN,NaN
1610,2,2,NaN,NaN
1610,2,2,NaN,NaN
1610,2,2,NaN,NaN
1610,2,2,NaN,NaN
1610,2,2,NaN,NaN
1610,2,2,NaN,NaN
1610,2,2,NaN,NaN
1610,2,2,NaN,NaN
1610,2,2,NaN,NaN
1610,2,2,NaN,NaN
1610,2,2,NaN,NaN
1610,2,2,NaN,NaN
1610,2,2,NaN,NaN
1610,2,2,NaN,NaN
1610,2,2,NaN,NaN
1610,2,2,NaN,NaN
1610,2,2,NaN,NaN
1610,2,2,NaN,NaN
1610,2,2,NaN,NaN
1610,2,2,NaN,NaN
1610,2,2,NaN,NaN
1610,2,2,NaN,NaN
1610,2,2,NaN,NaN
1610,2,2,NaN,NaN
1610,2,2,NaN,NaN
1610,2,2,NaN,NaN
1610,2,2,NaN,NaN
1610,2,2,NaN,NaN
1610,2,2,NaN,NaN
1610,2,2,NaN,NaN
1610,2,2,NaN,NaN
1610,2,2,NaN,NaN
1610,2,2,NaN,NaN
1610,2,2,NaN,NaN
1610,2,2,NaN,NaN
1610,2,2,NaN,NaN
1610,2,2,NaN,NaN
1610,2,2,NaN,NaN
1610,2,2,NaN,NaN
1610,2,2,NaN,NaN
1610,2,2,NaN,NaN
1610,2,2,NaN,NaN
1610,2,2,NaN,NaN
1610,2,2,NaN,NaN
1610,2,2,NaN,NaN
1610,2,2,NaN,NaN
1610,2,2,NaN,NaN
1610,2,2,NaN,NaN
1610,2,2,NaN,NaN
1610,2,2,NaN,NaN
1610,2,3,4.2354,2.4831
1610,2,3,4.2413,2.5269
1610,2,3,4.2362,2.4795
1610,2,3,4.2303,2.4626
1610,2,3,4.23185,2.43615
1610,2,3,4.2126,2.376
1610,2,3,4.2656,2.5142
1610,2,3,4.2617,2.4939
1610,2,3,4.25305,2.4669
1610,2,3,4.2536,2.44775
1610,2,3,NaN,NaN
1610,2,3,NaN,NaN
1610,2,3,NaN,NaN
1610,2,3,NaN,NaN
1610,2,3,NaN,NaN
1610,2,3,NaN,NaN
1610,2,3,NaN,NaN
1610,2,3,NaN,NaN
1610,2,3,NaN,NaN
1610,2,3,NaN,NaN
1610,2,3,NaN,NaN
1610,2,3,NaN,NaN
1610,2,3,NaN,NaN
1610,2,3,NaN,NaN
1610,2,3,NaN,NaN
1610,2,3,NaN,NaN
1610,2,3,NaN,NaN
1610,2,3,NaN,NaN
1610,2,3,NaN,NaN
1610,2,3,NaN,NaN
1610,2,3,NaN,NaN
1610,2,3,NaN,NaN
1610,2,3,NaN,NaN
1610,2,3,NaN,NaN
1610,2,3,NaN,NaN
1610,2,3,NaN,NaN
1610,2,3,NaN,NaN
1610,2,3,NaN,NaN
1610,2,3,NaN,NaN
1610,2,3,NaN,NaN
1610,2,3,NaN,NaN
1610,2,3,NaN,NaN
1610,2,3,NaN,NaN
1610,2,3,NaN,NaN
1610,2,3,NaN,NaN
1610,2,3,NaN,NaN
1610,2,3,NaN,NaN
1610,2,3,NaN,NaN
1610,2,3,NaN,NaN
1610,2,3,NaN,NaN
1610,2,3,NaN,NaN
1610,2,3,NaN,NaN
1610,2,3,NaN,NaN
1610,2,3,NaN,NaN
1610,2,3,NaN,NaN
1610,2,3,NaN,NaN
1610,2,3,NaN,NaN
1610,2,3,NaN,NaN
1610,2,3,NaN,NaN
1610,2,3,NaN,NaN
1610,2,3,NaN,NaN
1610,2,3,NaN,NaN
1610,2,3,NaN,NaN
1610,2,3,NaN,NaN
1610,2,3,NaN,NaN
1610,2,3,NaN,NaN
1610,2,3,NaN,NaN
1610,2,3,NaN,NaN
1610,2,3,NaN,NaN
1610,2,3,NaN,NaN
1610,2,3,NaN,NaN
1610,2,3,NaN,NaN
1610,2,3,NaN,NaN
1610,2,3,NaN,NaN
1610,2,3,NaN,NaN
1610,2,3,NaN,NaN
1610,2,3,NaN,NaN
1610,2,3,NaN,NaN
1610,2,3,NaN,NaN
1610,2,3,NaN,NaN
1610,2,3,NaN,NaN
1610,2,3,NaN,NaN
1610,2,3,NaN,NaN
1610,2,3,NaN,NaN
1610,2,3,NaN,NaN
1610,2,3,NaN,NaN
1610,2,3,NaN,NaN
1610,2,3,NaN,NaN
1610,2,3,NaN,NaN
1610,2,3,NaN,NaN
1610,2,3,NaN,NaN
1610,2,3,NaN,NaN
1610,2,3,NaN,NaN
1610,2,3,NaN,NaN
1610,2,3,NaN,NaN
1610,2,3,NaN,NaN
1610,2,3,NaN,NaN
1610,2,3,NaN,NaN
1610,2,3,NaN,NaN
1610,2,3,NaN,NaN
1610,3,2,4.1277,3.7333
1610,3,2,4.1437,3.7249
1610,3,2,4.1548,3.9712
1610,3,2,4.11965,3.70395
1610,3,2,4.1304,3.7075
1610,3,2,4.1184,3.7189
1610,3,2,4.12315,3.68815
1610,3,2,4.1501,3.7852
1610,3,2,4.14265,3.74325
1610,3,2,4.10745,3.74455
1610,3,2,4.1325,3.87675
1610,3,2,4.117,3.7253
1610,3,2,4.1133,3.7601
1610,3,2,4.16095,3.73425
1610,3,2,4.1706,3.7285
1610,3,2,4.161,3.6446
1610,3,2,4.1699,3.702
1610,3,2,4.17625,3.6838
1610,3,2,4.1802,3.68905
1610,3,2,4.1776,3.6533
1610,3,2,4.1281,3.6983
1610,3,2,4.1354,3.67735
1610,3,2,4.1459,3.6947
1610,3,2,4.1616,3.6701
1610,3,2,4.14965,3.7425
1610,3,2,4.1658,3.7674
1610,3,2,NaN,NaN
1610,3,2,NaN,NaN
1610,3,2,NaN,NaN
1610,3,2,NaN,NaN
1610,3,2,NaN,NaN
1610,3,2,NaN,NaN
1610,3,2,NaN,NaN
1610,3,2,NaN,NaN
1610,3,2,NaN,NaN
1610,3,2,NaN,NaN
1610,3,2,NaN,NaN
1610,3,2,NaN,NaN
1610,3,2,NaN,NaN
1610,3,2,NaN,NaN
1610,3,2,NaN,NaN
1610,3,2,NaN,NaN
1610,3,2,NaN,NaN
1610,3,2,NaN,NaN
1610,3,2,NaN,NaN
1610,3,2,NaN,NaN
1610,3,2,NaN,NaN
1610,3,2,NaN,NaN
1610,3,2,NaN,NaN
1610,3,2,NaN,NaN
1610,3,2,NaN,NaN
1610,3,2,NaN,NaN
1610,3,2,NaN,NaN
1610,3,2,NaN,NaN
1610,3,2,NaN,NaN
1610,3,2,NaN,NaN
1610,3,2,NaN,NaN
1610,3,2,NaN,NaN
1610,3,2,NaN,NaN
1610,3,2,NaN,NaN
1610,3,2,NaN,NaN
1610,3,2,NaN,NaN
1610,3,2,NaN,NaN
1610,3,2,NaN,NaN
1610,3,2,NaN,NaN
1610,3,2,NaN,NaN
1610,3,2,NaN,NaN
1610,3,2,NaN,NaN
1610,3,2,NaN,NaN
1610,3,2,NaN,NaN
1610,3,2,NaN,NaN
1610,3,2,NaN,NaN
1610,3,2,NaN,NaN
1610,3,2,NaN,NaN
1610,3,2,NaN,NaN
1610,3,2,NaN,NaN
1610,3,2,NaN,NaN
1610,3,2,NaN,NaN
1610,3,2,NaN,NaN
1610,3,2,NaN,NaN
1610,3,2,NaN,NaN
1610,3,2,NaN,NaN
1610,3,2,NaN,NaN
1610,3,2,NaN,NaN
1610,3,2,NaN,NaN
1610,3,2,NaN,NaN
1610,3,2,NaN,NaN
1610,3,2,NaN,NaN
1610,3,2,NaN,NaN
1610,3,2,NaN,NaN
1610,3,2,NaN,NaN
1610,3,2,NaN,NaN
1610,3,2,NaN,NaN
1610,3,2,NaN,NaN
1610,3,2,NaN,NaN
1610,3,2,NaN,NaN
1610,3,2,NaN,NaN
1610,3,2,NaN,NaN
1610,3,2,NaN,NaN
1610,3,2,NaN,NaN
1610,3,3,4.21965,4.0791
1610,3,3,4.1959,3.94965
1610,3,3,4.2379,4.00655
1610,3,3,4.246,3.8812
1610,3,3,4.2219,3.9406
1610,3,3,NaN,NaN
1610,3,3,NaN,NaN
1610,3,3,NaN,NaN
1610,3,3,NaN,NaN
1610,3,3,NaN,NaN
1610,3,3,NaN,NaN
1610,3,3,NaN,NaN
1610,3,3,NaN,NaN
1610,3,3,NaN,NaN
1610,3,3,NaN,NaN
1610,3,3,NaN,NaN
1610,3,3,NaN,NaN
1610,3,3,NaN,NaN
1610,3,3,NaN,NaN
1610,3,3,NaN,NaN
1610,3,3,NaN,NaN
1610,3,3,NaN,NaN
1610,3,3,NaN,NaN
1610,3,3,NaN,NaN
1610,3,3,NaN,NaN
1610,3,3,NaN,NaN
1610,3,3,NaN,NaN
1610,3,3,NaN,NaN
1610,3,3,NaN,NaN
1610,3,3,NaN,NaN
1610,3,3,NaN,NaN
1610,3,3,NaN,NaN
1610,3,3,NaN,NaN
1610,3,3,NaN,NaN
1610,3,3,NaN,NaN
1610,3,3,NaN,NaN
1610,3,3,NaN,NaN
1610,3,3,NaN,NaN
1610,3,3,NaN,NaN
1610,3,3,NaN,NaN
1610,3,3,NaN,NaN
1610,3,3,NaN,NaN
1610,3,3,NaN,NaN
1610,3,3,NaN,NaN
1610,3,3,NaN,NaN
1610,3,3,NaN,NaN
1610,3,3,NaN,NaN
1610,3,3,NaN,NaN
1610,3,3,NaN,NaN
1610,3,3,NaN,NaN
1610,3,3,NaN,NaN
1610,3,3,NaN,NaN
1610,3,3,NaN,NaN
1610,3,3,NaN,NaN
1610,3,3,NaN,NaN
1610,3,3,NaN,NaN
1610,3,3,NaN,NaN
1610,3,3,NaN,NaN
1610,3,3,NaN,NaN
1610,3,3,NaN,NaN
1610,3,3,NaN,NaN
1610,3,3,NaN,NaN
1610,3,3,NaN,NaN
1610,3,3,NaN,NaN
1610,3,3,NaN,NaN
1610,3,3,NaN,NaN
1610,3,3,NaN,NaN
1610,3,3,NaN,NaN
1610,3,3,NaN,NaN
1610,3,3,NaN,NaN
1610,3,3,NaN,NaN
1610,3,3,NaN,NaN
1610,3,3,NaN,NaN
1610,3,3,NaN,NaN
1610,3,3,NaN,NaN
1610,3,3,NaN,NaN
1610,3,3,NaN,NaN
1610,3,3,NaN,NaN
1610,3,3,NaN,NaN
1610,3,3,NaN,NaN
1610,3,3,NaN,NaN
1610,3,3,NaN,NaN
1610,3,3,NaN,NaN
1610,3,3,NaN,NaN
1610,3,3,NaN,NaN
1610,3,3,NaN,NaN
1610,3,3,NaN,NaN
1610,3,3,NaN,NaN
1610,3,3,NaN,NaN
1610,3,3,NaN,NaN
1610,3,3,NaN,NaN
1610,3,3,NaN,NaN
1610,3,3,NaN,NaN
1610,3,3,NaN,NaN
1610,3,3,NaN,NaN
1610,3,3,NaN,NaN
1610,3,3,NaN,NaN
1610,3,3,NaN,NaN
1610,3,3,NaN,NaN
1610,3,3,NaN,NaN
1611,1,2,4.1169,1.0338
1611,1,2,4.123,1.0365
1611,1,2,4.1307,1.03755
1611,1,2,4.138,1.04145
1611,1,2,4.1368,1.03325
1611,1,2,4.1413,1.0371
1611,1,2,4.13005,1.0412
1611,1,2,4.1412,1.0429
1611,1,2,4.1413,1.0399
1611,1,2,4.1436,1.0452
1611,1,2,4.1416,1.0427
1611,1,2,4.1401,1.0427
1611,1,2,4.1327,1.0659
1611,1,2,4.13175,1.0569
1611,1,2,4.1432,1.0589
1611,1,2,4.1483,1.0639
1611,1,2,4.1476,1.0583
1611,1,2,4.2618,1.092
1611,1,2,NaN,NaN
1611,1,2,NaN,NaN
1611,1,2,NaN,NaN
1611,1,2,NaN,NaN
1611,1,2,NaN,NaN
1611,1,2,NaN,NaN
1611,1,2,NaN,NaN
1611,1,2,NaN,NaN
1611,1,2,NaN,NaN
1611,1,2,NaN,NaN
1611,1,2,NaN,NaN
1611,1,2,NaN,NaN
1611,1,2,NaN,NaN
1611,1,2,NaN,NaN
1611,1,2,NaN,NaN
1611,1,2,NaN,NaN
1611,1,2,NaN,NaN
1611,1,2,NaN,NaN
1611,1,2,NaN,NaN
1611,1,2,NaN,NaN
1611,1,2,NaN,NaN
1611,1,2,NaN,NaN
1611,1,2,NaN,NaN
1611,1,2,NaN,NaN
1611,1,2,NaN,NaN
1611,1,2,NaN,NaN
1611,1,2,NaN,NaN
1611,1,2,NaN,NaN
1611,1,2,NaN,NaN
1611,1,2,NaN,NaN
1611,1,2,NaN,NaN
1611,1,2,NaN,NaN
1611,1,2,NaN,NaN
1611,1,2,NaN,NaN
1611,1,2,NaN,NaN
1611,1,2,NaN,NaN
1611,1,2,NaN,NaN
1611,1,2,NaN,NaN
1611,1,2,NaN,NaN
1611,1,2,NaN,NaN
1611,1,2,NaN,NaN
1611,1,2,NaN,NaN
1611,1,2,NaN,NaN
1611,1,2,NaN,NaN
1611,1,2,NaN,NaN
1611,1,2,NaN,NaN
1611,1,2,NaN,NaN
1611,1,2,NaN,NaN
1611,1,2,NaN,NaN
1611,1,2,NaN,NaN
1611,1,2,NaN,NaN
1611,1,2,NaN,NaN
1611,1,2,NaN,NaN
1611,1,2,NaN,NaN
1611,1,2,NaN,NaN
1611,1,2,NaN,NaN
1611,1,2,NaN,NaN
1611,1,2,NaN,NaN
1611,1,2,NaN,NaN
1611,1,2,NaN,NaN
1611,1,2,NaN,NaN
1611,1,2,NaN,NaN
1611,1,2,NaN,NaN
1611,1,2,NaN,NaN
1611,1,2,NaN,NaN
1611,1,2,NaN,NaN
1611,1,2,NaN,NaN
1611,1,2,NaN,NaN
1611,1,2,NaN,NaN
1611,1,2,NaN,NaN
1611,1,2,NaN,NaN
1611,1,2,NaN,NaN
1611,1,2,NaN,NaN
1611,1,2,NaN,NaN
1611,1,2,NaN,NaN
1611,1,2,NaN,NaN
1611,1,2,NaN,NaN
1611,1,2,NaN,NaN
1611,1,2,NaN,NaN
1611,1,2,NaN,NaN
1611,1,2,NaN,NaN
1611,1,2,NaN,NaN
1611,1,3,4.1704,1.0734
1611,1,3,4.1992,1.13975
1611,1,3,4.2028,1.1479
1611,1,3,4.2071,1.1561
1611,1,3,4.2085,1.1754
1611,1,3,4.211,1.15935
1611,1,3,4.2126,1.18795
1611,1,3,4.19435,1.1383
1611,1,3,4.20615,1.1562
1611,1,3,4.2125,1.1866
1611,1,3,4.212,1.17515
1611,1,3,NaN,NaN
1611,1,3,NaN,NaN
1611,1,3,NaN,NaN
1611,1,3,NaN,NaN
1611,1,3,NaN,NaN
1611,1,3,NaN,NaN
1611,1,3,NaN,NaN
1611,1,3,NaN,NaN
1611,1,3,NaN,NaN
1611,1,3,NaN,NaN
1611,1,3,NaN,NaN
1611,1,3,NaN,NaN
1611,1,3,NaN,NaN
1611,1,3,NaN,NaN
1611,1,3,NaN,NaN
1611,1,3,NaN,NaN
1611,1,3,NaN,NaN
1611,1,3,NaN,NaN
1611,1,3,NaN,NaN
1611,1,3,NaN,NaN
1611,1,3,NaN,NaN
1611,1,3,NaN,NaN
1611,1,3,NaN,NaN
1611,1,3,NaN,NaN
1611,1,3,NaN,NaN
1611,1,3,NaN,NaN
1611,1,3,NaN,NaN
1611,1,3,NaN,NaN
1611,1,3,NaN,NaN
1611,1,3,NaN,NaN
1611,1,3,NaN,NaN
1611,1,3,NaN,NaN
1611,1,3,NaN,NaN
1611,1,3,NaN,NaN
1611,1,3,NaN,NaN
1611,1,3,NaN,NaN
1611,1,3,NaN,NaN
1611,1,3,NaN,NaN
1611,1,3,NaN,NaN
1611,1,3,NaN,NaN
1611,1,3,NaN,NaN
1611,1,3,NaN,NaN
1611,1,3,NaN,NaN
1611,1,3,NaN,NaN
1611,1,3,NaN,NaN
1611,1,3,NaN,NaN
1611,1,3,NaN,NaN
1611,1,3,NaN,NaN
1611,1,3,NaN,NaN
1611,1,3,NaN,NaN
1611,1,3,NaN,NaN
1611,1,3,NaN,NaN
1611,1,3,NaN,NaN
1611,1,3,NaN,NaN
1611,1,3,NaN,NaN
1611,1,3,NaN,NaN
1611,1,3,NaN,NaN
1611,1,3,NaN,NaN
1611,1,3,NaN,NaN
1611,1,3,NaN,NaN
1611,1,3,NaN,NaN
1611,1,3,NaN,NaN
1611,1,3,NaN,NaN
1611,1,3,NaN,NaN
1611,1,3,NaN,NaN
1611,1,3,NaN,NaN
1611,1,3,NaN,NaN
1611,1,3,NaN,NaN
1611,1,3,NaN,NaN
1611,1,3,NaN,NaN
1611,1,3,NaN,NaN
1611,1,3,NaN,NaN
1611,1,3,NaN,NaN
1611,1,3,NaN,NaN
1611,1,3,NaN,NaN
1611,1,3,NaN,NaN
1611,1,3,NaN,NaN
1611,1,3,NaN,NaN
1611,1,3,NaN,NaN
1611,1,3,NaN,NaN
1611,1,3,NaN,NaN
1611,1,3,NaN,NaN
1611,1,3,NaN,NaN
1611,1,3,NaN,NaN
1611,1,3,NaN,NaN
1611,1,3,NaN,NaN
1611,1,3,NaN,NaN
1611,1,3,NaN,NaN
1611,1,3,NaN,NaN
1611,2,2,4.1672,1.2287
1611,2,2,4.1711,1.2272
1611,2,2,4.1916,1.2395
1611,2,2,4.2022,1.2502
1611,2,2,4.2044,1.24765
1611,2,2,4.1953,1.2908
1611,2,2,4.1806,1.2376
1611,2,2,4.18885,1.2298
1611,2,2,4.1943,1.24
1611,2,2,4.2079,1.255
1611,2,2,4.2142,1.2614
1611,2,2,4.1929,1.245
1611,2,2,4.2032,1.2495
1611,2,2,4.2185,1.267
1611,2,2,4.2158,1.2566
1611,2,2,4.2179,1.2617
1611,2,2,4.19085,1.2511
1611,2,2,4.2008,1.2546
1611,2,2,4.2069,1.2559
1611,2,2,NaN,NaN
1611,2,2,NaN,NaN
1611,2,2,NaN,NaN
1611,2,2,NaN,NaN
1611,2,2,NaN,NaN
1611,2,2,NaN,NaN
1611,2,2,NaN,NaN
1611,2,2,NaN,NaN
1611,2,2,NaN,NaN
1611,2,2,NaN,NaN
1611,2,2,NaN,NaN
1611,2,2,NaN,NaN
1611,2,2,NaN,NaN
1611,2,2,NaN,NaN
1611,2,2,NaN,NaN
1611,2,2,NaN,NaN
1611,2,2,NaN,NaN
1611,2,2,NaN,NaN
1611,2,2,NaN,NaN
1611,2,2,NaN,NaN
1611,2,2,NaN,NaN
1611,2,2,NaN,NaN
1611,2,2,NaN,NaN
1611,2,2,NaN,NaN
1611,2,2,NaN,NaN
1611,2,2,NaN,NaN
1611,2,2,NaN,NaN
1611,2,2,NaN,NaN
1611,2,2,NaN,NaN
1611,2,2,NaN,NaN
1611,2,2,NaN,NaN
1611,2,2,NaN,NaN
1611,2,2,NaN,NaN
1611,2,2,NaN,NaN
1611,2,2,NaN,NaN
1611,2,2,NaN,NaN
1611,2,2,NaN,NaN
1611,2,2,NaN,NaN
1611,2,2,NaN,NaN
1611,2,2,NaN,NaN
1611,2,2,NaN,NaN
1611,2,2,NaN,NaN
1611,2,2,NaN,NaN
1611,2,2,NaN,NaN
1611,2,2,NaN,NaN
1611,2,2,NaN,NaN
1611,2,2,NaN,NaN
1611,2,2,NaN,NaN
1611,2,2,NaN,NaN
1611,2,2,NaN,NaN
1611,2,2,NaN,NaN
1611,2,2,NaN,NaN
1611,2,2,NaN,NaN
1611,2,2,NaN,NaN
1611,2,2,NaN,NaN
1611,2,2,NaN,NaN
1611,2,2,NaN,NaN
1611,2,2,NaN,NaN
1611,2,2,NaN,NaN
1611,2,2,NaN,NaN
1611,2,2,NaN,NaN
1611,2,2,NaN,NaN
1611,2,2,NaN,NaN
1611,2,2,NaN,NaN
1611,2,2,NaN,NaN
1611,2,2,NaN,NaN
1611,2,2,NaN,NaN
1611,2,2,NaN,NaN
1611,2,2,NaN,NaN
1611,2,2,NaN,NaN
1611,2,2,NaN,NaN
1611,2,2,NaN,NaN
1611,2,2,NaN,NaN
1611,2,2,NaN,NaN
1611,2,2,NaN,NaN
1611,2,2,NaN,NaN
1611,2,2,NaN,NaN
1611,2,2,NaN,NaN
1611,2,2,NaN,NaN
1611,2,2,NaN,NaN
1611,2,2,NaN,NaN
1611,2,3,4.24365,1.3675
1611,2,3,4.25335,1.3661
1611,2,3,4.2722,1.3818
1611,2,3,4.2451,1.38935
1611,2,3,4.267,1.3899
1611,2,3,4.2794,1.391
1611,2,3,4.2757,1.3913
1611,2,3,4.2689,1.3846
1611,2,3,4.28915,1.4057
1611,2,3,4.2812,1.4125
1611,2,3,4.27915,1.40115
1611,2,3,4.266,1.4078
1611,2,3,NaN,NaN
1611,2,3,NaN,NaN
1611,2,3,NaN,NaN
1611,2,3,NaN,NaN
1611,2,3,NaN,NaN
1611,2,3,NaN,NaN
1611,2,3,NaN,NaN
1611,2,3,NaN,NaN
1611,2,3,NaN,NaN
1611,2,3,NaN,NaN
1611,2,3,NaN,NaN
1611,2,3,NaN,NaN
1611,2,3,NaN,NaN
1611,2,3,NaN,NaN
1611,2,3,NaN,NaN
1611,2,3,NaN,NaN
1611,2,3,NaN,NaN
1611,2,3,NaN,NaN
1611,2,3,NaN,NaN
1611,2,3,NaN,NaN
1611,2,3,NaN,NaN
1611,2,3,NaN,NaN
1611,2,3,NaN,NaN
1611,2,3,NaN,NaN
1611,2,3,NaN,NaN
1611,2,3,NaN,NaN
1611,2,3,NaN,NaN
1611,2,3,NaN,NaN
1611,2,3,NaN,NaN
1611,2,3,NaN,NaN
1611,2,3,NaN,NaN
1611,2,3,NaN,NaN
1611,2,3,NaN,NaN
1611,2,3,NaN,NaN
1611,2,3,NaN,NaN
1611,2,3,NaN,NaN
1611,2,3,NaN,NaN
1611,2,3,NaN,NaN
1611,2,3,NaN,NaN
1611,2,3,NaN,NaN
1611,2,3,NaN,NaN
1611,2,3,NaN,NaN
1611,2,3,NaN,NaN
1611,2,3,NaN,NaN
1611,2,3,NaN,NaN
1611,2,3,NaN,NaN
1611,2,3,NaN,NaN
1611,2,3,NaN,NaN
1611,2,3,NaN,NaN
1611,2,3,NaN,NaN
1611,2,3,NaN,NaN
1611,2,3,NaN,NaN
1611,2,3,NaN,NaN
1611,2,3,NaN,NaN
1611,2,3,NaN,NaN
1611,2,3,NaN,NaN
1611,2,3,NaN,NaN
1611,2,3,NaN,NaN
1611,2,3,NaN,NaN
1611,2,3,NaN,NaN
1611,2,3,NaN,NaN
1611,2,3,NaN,NaN
1611,2,3,NaN,NaN
1611,2,3,NaN,NaN
1611,2,3,NaN,NaN
1611,2,3,NaN,NaN
1611,2,3,NaN,NaN
1611,2,3,NaN,NaN
1611,2,3,NaN,NaN
1611,2,3,NaN,NaN
1611,2,3,NaN,NaN
1611,2,3,NaN,NaN
1611,2,3,NaN,NaN
1611,2,3,NaN,NaN
1611,2,3,NaN,NaN
1611,2,3,NaN,NaN
1611,2,3,NaN,NaN
1611,2,3,NaN,NaN
1611,2,3,NaN,NaN
1611,2,3,NaN,NaN
1611,2,3,NaN,NaN
1611,2,3,NaN,NaN
1611,2,3,NaN,NaN
1611,2,3,NaN,NaN
1611,2,3,NaN,NaN
1611,2,3,NaN,NaN
1611,2,3,NaN,NaN
1611,2,3,NaN,NaN
1611,3,2,4.1342,1.841
1611,3,2,4.1312,1.82215
1611,3,2,4.1382,1.8212
1611,3,2,4.1439,1.8222
1611,3,2,4.1492,1.8334
1611,3,2,4.1545,1.81985
1611,3,2,4.14995,1.82015
1611,3,2,4.1534,1.8262
1611,3,2,4.1355,1.8738
1611,3,2,4.13095,1.8458
1611,3,2,4.1201,1.8089
1611,3,2,4.15455,1.8706
1611,3,2,4.1485,1.8321
1611,3,2,4.13965,1.8111
1611,3,2,4.15145,1.816
1611,3,2,4.1644,1.8014
1611,3,2,4.16225,1.82635
1611,3,2,4.1722,1.8351
1611,3,2,4.1798,1.8378
1611,3,2,4.17695,1.8375
1611,3,2,4.1768,1.8298
1611,3,2,4.1779,1.8278
1611,3,2,4.1682,1.8338
1611,3,2,4.1688,1.80955
1611,3,2,4.1732,1.82155
1611,3,2,4.1774,1.835
1611,3,2,4.1728,1.8275
1611,3,2,4.1761,1.8367
1611,3,2,4.1796,1.8362
1611,3,2,4.1811,1.8437
1611,3,2,4.17735,1.81
1611,3,2,4.1777,1.838
1611,3,2,4.1818,1.843
1611,3,2,4.1413,1.8336
1611,3,2,4.1545,1.8372
1611,3,2,4.1544,1.84105
1611,3,2,4.17025,1.8653
1611,3,2,4.1764,1.8629
1611,3,2,4.1733,1.8633
1611,3,2,4.18475,1.88175
1611,3,2,4.1759,1.8469
1611,3,2,4.1761,1.8638
1611,3,2,4.1789,1.86135
1611,3,2,4.17635,1.85565
1611,3,2,4.179,1.8505
1611,3,2,4.1767,1.8508
1611,3,2,4.147,1.865
1611,3,2,4.1453,1.844
1611,3,2,4.15625,1.8675
1611,3,2,4.1669,1.875
1611,3,2,4.16735,1.8653
1611,3,2,4.17305,1.8708
1611,3,2,4.16935,1.8561
1611,3,2,NaN,NaN
1611,3,2,NaN,NaN
1611,3,2,NaN,NaN
1611,3,2,NaN,NaN
1611,3,2,NaN,NaN
1611,3,2,NaN,NaN
1611,3,2,NaN,NaN
1611,3,2,NaN,NaN
1611,3,2,NaN,NaN
1611,3,2,NaN,NaN
1611,3,2,NaN,NaN
1611,3,2,NaN,NaN
1611,3,2,NaN,NaN
1611,3,2,NaN,NaN
1611,3,2,NaN,NaN
1611,3,2,NaN,NaN
1611,3,2,NaN,NaN
1611,3,2,NaN,NaN
1611,3,2,NaN,NaN
1611,3,2,NaN,NaN
1611,3,2,NaN,NaN
1611,3,2,NaN,NaN
1611,3,2,NaN,NaN
1611,3,2,NaN,NaN
1611,3,2,NaN,NaN
1611,3,2,NaN,NaN
1611,3,2,NaN,NaN
1611,3,2,NaN,NaN
1611,3,2,NaN,NaN
1611,3,2,NaN,NaN
1611,3,2,NaN,NaN
1611,3,2,NaN,NaN
1611,3,2,NaN,NaN
1611,3,2,NaN,NaN
1611,3,2,NaN,NaN
1611,3,2,NaN,NaN
1611,3,2,NaN,NaN
1611,3,2,NaN,NaN
1611,3,2,NaN,NaN
1611,3,2,NaN,NaN
1611,3,2,NaN,NaN
1611,3,2,NaN,NaN
1611,3,2,NaN,NaN
1611,3,2,NaN,NaN
1611,3,2,NaN,NaN
1611,3,2,NaN,NaN
1611,3,2,NaN,NaN
1611,3,3,4.1881,1.9894
1611,3,3,4.218,2.0361
1611,3,3,4.20875,1.9886
1611,3,3,4.2275,2.0326
1611,3,3,4.2329,2.0566
1611,3,3,4.2493,2.0588
1611,3,3,4.24565,2.0263
1611,3,3,4.23235,1.9974
1611,3,3,4.2476,2.0389
1611,3,3,4.2267,1.9823
1611,3,3,4.243,2.0414
1611,3,3,4.2443,2.07155
1611,3,3,4.211,2.0109
1611,3,3,4.2317,2.0882
1611,3,3,4.2384,2.104
1611,3,3,4.2362,2.0766
1611,3,3,4.2441,2.09325
1611,3,3,4.247,2.0842
1611,3,3,4.24805,2.07675
1611,3,3,4.2088,2.0589
1611,3,3,4.227,2.08775
1611,3,3,4.2321,2.08345
1611,3,3,NaN,NaN
1611,3,3,NaN,NaN
1611,3,3,NaN,NaN
1611,3,3,NaN,NaN
1611,3,3,NaN,NaN
1611,3,3,NaN,NaN
1611,3,3,NaN,NaN
1611,3,3,NaN,NaN
1611,3,3,NaN,NaN
1611,3,3,NaN,NaN
1611,3,3,NaN,NaN
1611,3,3,NaN,NaN
1611,3,3,NaN,NaN
1611,3,3,NaN,NaN
1611,3,3,NaN,NaN
1611,3,3,NaN,NaN
1611,3,3,NaN,NaN
1611,3,3,NaN,NaN
1611,3,3,NaN,NaN
1611,3,3,NaN,NaN
1611,3,3,NaN,NaN
1611,3,3,NaN,NaN
1611,3,3,NaN,NaN
1611,3,3,NaN,NaN
1611,3,3,NaN,NaN
1611,3,3,NaN,NaN
1611,3,3,NaN,NaN
1611,3,3,NaN,NaN
1611,3,3,NaN,NaN
1611,3,3,NaN,NaN
1611,3,3,NaN,NaN
1611,3,3,NaN,NaN
1611,3,3,NaN,NaN
1611,3,3,NaN,NaN
1611,3,3,NaN,NaN
1611,3,3,NaN,NaN
1611,3,3,NaN,NaN
1611,3,3,NaN,NaN
1611,3,3,NaN,NaN
1611,3,3,NaN,NaN
1611,3,3,NaN,NaN
1611,3,3,NaN,NaN
1611,3,3,NaN,NaN
1611,3,3,NaN,NaN
1611,3,3,NaN,NaN
1611,3,3,NaN,NaN
1611,3,3,NaN,NaN
1611,3,3,NaN,NaN
1611,3,3,NaN,NaN
1611,3,3,NaN,NaN
1611,3,3,NaN,NaN
1611,3,3,NaN,NaN
1611,3,3,NaN,NaN
1611,3,3,NaN,NaN
1611,3,3,NaN,NaN
1611,3,3,NaN,NaN
1611,3,3,NaN,NaN
1611,3,3,NaN,NaN
1611,3,3,NaN,NaN
1611,3,3,NaN,NaN
1611,3,3,NaN,NaN
1611,3,3,NaN,NaN
1611,3,3,NaN,NaN
1611,3,3,NaN,NaN
1611,3,3,NaN,NaN
1611,3,3,NaN,NaN
1611,3,3,NaN,NaN
1611,3,3,NaN,NaN
1611,3,3,NaN,NaN
1611,3,3,NaN,NaN
1611,3,3,NaN,NaN
1611,3,3,NaN,NaN
1611,3,3,NaN,NaN
1611,3,3,NaN,NaN
1611,3,3,NaN,NaN
1611,3,3,NaN,NaN
1611,3,3,NaN,NaN
1611,3,3,NaN,NaN
1612,2,2,4.2171,3.1664
1612,2,2,4.1964,3.0239
1612,2,2,4.19575,2.9795
1612,2,2,4.194,2.9604
1612,2,2,4.1707,3.04875
1612,2,2,4.1878,2.9752
1612,2,2,4.2019,2.97775
1612,2,2,4.2082,3.0063
1612,2,2,4.1972,2.9788
1612,2,2,4.1984,2.97115
1612,2,2,4.2068,2.9918
1612,2,2,4.2187,3.017
1612,2,2,4.21125,2.978
1612,2,2,4.21455,3.0001
1612,2,2,4.1756,3.05765
1612,2,2,4.1924,3.0212
1612,2,2,4.1952,2.9931
1612,2,2,4.204,3.00405
1612,2,2,4.2136,3
1612,2,2,NaN,NaN
1612,2,2,NaN,NaN
1612,2,2,NaN,NaN
1612,2,2,NaN,NaN
1612,2,2,NaN,NaN
1612,2,2,NaN,NaN
1612,2,2,NaN,NaN
1612,2,2,NaN,NaN
1612,2,2,NaN,NaN
1612,2,2,NaN,NaN
1612,2,2,NaN,NaN
1612,2,2,NaN,NaN
1612,2,2,NaN,NaN
1612,2,2,NaN,NaN
1612,2,2,NaN,NaN
1612,2,2,NaN,NaN
1612,2,2,NaN,NaN
1612,2,2,NaN,NaN
1612,2,2,NaN,NaN
1612,2,2,NaN,NaN
1612,2,2,NaN,NaN
1612,2,2,NaN,NaN
1612,2,2,NaN,NaN
1612,2,2,NaN,NaN
1612,2,2,NaN,NaN
1612,2,2,NaN,NaN
1612,2,2,NaN,NaN
1612,2,2,NaN,NaN
1612,2,2,NaN,NaN
1612,2,2,NaN,NaN
1612,2,2,NaN,NaN
1612,2,2,NaN,NaN
1612,2,2,NaN,NaN
1612,2,2,NaN,NaN
1612,2,2,NaN,NaN
1612,2,2,NaN,NaN
1612,2,2,NaN,NaN
1612,2,2,NaN,NaN
1612,2,2,NaN,NaN
1612,2,2,NaN,NaN
1612,2,2,NaN,NaN
1612,2,2,NaN,NaN
1612,2,2,NaN,NaN
1612,2,2,NaN,NaN
1612,2,2,NaN,NaN
1612,2,2,NaN,NaN
1612,2,2,NaN,NaN
1612,2,2,NaN,NaN
1612,2,2,NaN,NaN
1612,2,2,NaN,NaN
1612,2,2,NaN,NaN
1612,2,2,NaN,NaN
1612,2,2,NaN,NaN
1612,2,2,NaN,NaN
1612,2,2,NaN,NaN
1612,2,2,NaN,NaN
1612,2,2,NaN,NaN
1612,2,2,NaN,NaN
1612,2,2,NaN,NaN
1612,2,2,NaN,NaN
1612,2,2,NaN,NaN
1612,2,2,NaN,NaN
1612,2,2,NaN,NaN
1612,2,2,NaN,NaN
1612,2,2,NaN,NaN
1612,2,2,NaN,NaN
1612,2,2,NaN,NaN
1612,2,2,NaN,NaN
1612,2,2,NaN,NaN
1612,2,2,NaN,NaN
1612,2,2,NaN,NaN
1612,2,2,NaN,NaN
1612,2,2,NaN,NaN
1612,2,2,NaN,NaN
1612,2,2,NaN,NaN
1612,2,2,NaN,NaN
1612,2,2,NaN,NaN
1612,2,2,NaN,NaN
1612,2,2,NaN,NaN
1612,2,2,NaN,NaN
1612,2,2,NaN,NaN
1612,2,3,4.276,3.37545
1612,2,3,4.2838,3.5229
1612,2,3,4.2741,3.4012
1612,2,3,4.2924,3.4544
1612,2,3,4.2638,3.3167
1612,2,3,4.284,3.4782
1612,2,3,4.2914,3.42185
1612,2,3,4.2802,3.3732
1612,2,3,4.2859,3.4197
1612,2,3,NaN,NaN
1612,2,3,NaN,NaN
1612,2,3,NaN,NaN
1612,2,3,NaN,NaN
1612,2,3,NaN,NaN
1612,2,3,NaN,NaN
1612,2,3,NaN,NaN
1612,2,3,NaN,NaN
1612,2,3,NaN,NaN
1612,2,3,NaN,NaN
1612,2,3,NaN,NaN
1612,2,3,NaN,NaN
1612,2,3,NaN,NaN
1612,2,3,NaN,NaN
1612,2,3,NaN,NaN
1612,2,3,NaN,NaN
1612,2,3,NaN,NaN
1612,2,3,NaN,NaN
1612,2,3,NaN,NaN
1612,2,3,NaN,NaN
1612,2,3,NaN,NaN
1612,2,3,NaN,NaN
1612,2,3,NaN,NaN
1612,2,3,NaN,NaN
1612,2,3,NaN,NaN
1612,2,3,NaN,NaN
1612,2,3,NaN,NaN
1612,2,3,NaN,NaN
1612,2,3,NaN,NaN
1612,2,3,NaN,NaN
1612,2,3,NaN,NaN
1612,2,3,NaN,NaN
1612,2,3,NaN,NaN
1612,2,3,NaN,NaN
1612,2,3,NaN,NaN
1612,2,3,NaN,NaN
1612,2,3,NaN,NaN
1612,2,3,NaN,NaN
1612,2,3,NaN,NaN
1612,2,3,NaN,NaN
1612,2,3,NaN,NaN
1612,2,3,NaN,NaN
1612,2,3,NaN,NaN
1612,2,3,NaN,NaN
1612,2,3,NaN,NaN
1612,2,3,NaN,NaN
1612,2,3,NaN,NaN
1612,2,3,NaN,NaN
1612,2,3,NaN,NaN
1612,2,3,NaN,NaN
1612,2,3,NaN,NaN
1612,2,3,NaN,NaN
1612,2,3,NaN,NaN
1612,2,3,NaN,NaN
1612,2,3,NaN,NaN
1612,2,3,NaN,NaN
1612,2,3,NaN,NaN
1612,2,3,NaN,NaN
1612,2,3,NaN,NaN
1612,2,3,NaN,NaN
1612,2,3,NaN,NaN
1612,2,3,NaN,NaN
1612,2,3,NaN,NaN
1612,2,3,NaN,NaN
1612,2,3,NaN,NaN
1612,2,3,NaN,NaN
1612,2,3,NaN,NaN
1612,2,3,NaN,NaN
1612,2,3,NaN,NaN
1612,2,3,NaN,NaN
1612,2,3,NaN,NaN
1612,2,3,NaN,NaN
1612,2,3,NaN,NaN
1612,2,3,NaN,NaN
1612,2,3,NaN,NaN
1612,2,3,NaN,NaN
1612,2,3,NaN,NaN
1612,2,3,NaN,NaN
1612,2,3,NaN,NaN
1612,2,3,NaN,NaN
1612,2,3,NaN,NaN
1612,2,3,NaN,NaN
1612,2,3,NaN,NaN
1612,2,3,NaN,NaN
1612,2,3,NaN,NaN
1612,2,3,NaN,NaN
1612,2,3,NaN,NaN
1612,2,3,NaN,NaN
1612,2,3,NaN,NaN
1612,2,3,NaN,NaN
1612,2,3,NaN,NaN
1612,3,2,4.2273,4.5716
1612,3,2,4.2295,4.5747
1612,3,2,4.2274,4.5712
1612,3,2,4.2308,4.59495
1612,3,2,4.2317,4.5808
1612,3,2,4.2145,4.6178
1612,3,2,4.21935,4.53125
1612,3,2,4.22405,4.54715
1612,3,2,4.2124,4.5757
1612,3,2,4.2238,4.59585
1612,3,2,4.2272,4.57025
1612,3,2,4.2301,4.5126
1612,3,2,4.2381,4.51505
1612,3,2,4.2436,4.48535
1612,3,2,4.24865,4.49215
1612,3,2,4.24695,4.4845
1612,3,2,4.2491,4.487
1612,3,2,4.24945,4.48135
1612,3,2,4.24985,4.477
1612,3,2,4.2555,4.4957
1612,3,2,4.2613,4.5347
1612,3,2,4.2573,4.5044
1612,3,2,4.2579,4.4971
1612,3,2,4.2564,4.5062
1612,3,2,4.26,4.5316
1612,3,2,4.25675,4.50415
1612,3,2,4.261,4.5214
1612,3,2,4.22575,4.54725
1612,3,2,4.2244,4.4967
1612,3,2,4.2318,4.48375
1612,3,2,4.2394,4.5274
1612,3,2,4.243,4.48885
1612,3,2,4.2503,4.4926
1612,3,2,4.256,4.5139
1612,3,2,4.2532,4.4878
1612,3,2,4.25405,4.47895
1612,3,2,4.2544,4.4866
1612,3,2,4.2529,4.4811
1612,3,2,4.2529,4.4656
1612,3,2,4.2541,4.4707
1612,3,2,4.2538,4.5169
1612,3,2,4.2204,4.442
1612,3,2,4.22045,4.4547
1612,3,2,4.2299,4.4594
1612,3,2,NaN,NaN
1612,3,2,NaN,NaN
1612,3,2,NaN,NaN
1612,3,2,NaN,NaN
1612,3,2,NaN,NaN
1612,3,2,NaN,NaN
1612,3,2,NaN,NaN
1612,3,2,NaN,NaN
1612,3,2,NaN,NaN
1612,3,2,NaN,NaN
1612,3,2,NaN,NaN
1612,3,2,NaN,NaN
1612,3,2,NaN,NaN
1612,3,2,NaN,NaN
1612,3,2,NaN,NaN
1612,3,2,NaN,NaN
1612,3,2,NaN,NaN
1612,3,2,NaN,NaN
1612,3,2,NaN,NaN
1612,3,2,NaN,NaN
1612,3,2,NaN,NaN
1612,3,2,NaN,NaN
1612,3,2,NaN,NaN
1612,3,2,NaN,NaN
1612,3,2,NaN,NaN
1612,3,2,NaN,NaN
1612,3,2,NaN,NaN
1612,3,2,NaN,NaN
1612,3,2,NaN,NaN
1612,3,2,NaN,NaN
1612,3,2,NaN,NaN
1612,3,2,NaN,NaN
1612,3,2,NaN,NaN
1612,3,2,NaN,NaN
1612,3,2,NaN,NaN
1612,3,2,NaN,NaN
1612,3,2,NaN,NaN
1612,3,2,NaN,NaN
1612,3,2,NaN,NaN
1612,3,2,NaN,NaN
1612,3,2,NaN,NaN
1612,3,2,NaN,NaN
1612,3,2,NaN,NaN
1612,3,2,NaN,NaN
1612,3,2,NaN,NaN
1612,3,2,NaN,NaN
1612,3,2,NaN,NaN
1612,3,2,NaN,NaN
1612,3,2,NaN,NaN
1612,3,2,NaN,NaN
1612,3,2,NaN,NaN
1612,3,2,NaN,NaN
1612,3,2,NaN,NaN
1612,3,2,NaN,NaN
1612,3,2,NaN,NaN
1612,3,2,NaN,NaN
1612,3,3,4.2726,5.0348
1612,3,3,4.2699,4.96105
1612,3,3,4.2782,5.0235
1612,3,3,4.28215,4.8512
1612,3,3,4.2882,4.8979
1612,3,3,4.298,4.9266
1612,3,3,4.2972,4.96555
1612,3,3,4.28115,4.7502
1612,3,3,4.3009,4.9372
1612,3,3,4.3021,4.98335
1612,3,3,4.29935,4.8915
1612,3,3,4.3088,5.0055
1612,3,3,4.2744,4.7432
1612,3,3,4.287,4.8185
1612,3,3,4.2892,4.752
1612,3,3,4.2878,4.853
1612,3,3,4.28615,4.8245
1612,3,3,4.29655,4.9209
1612,3,3,4.2799,4.7942
1612,3,3,NaN,NaN
1612,3,3,NaN,NaN
1612,3,3,NaN,NaN
1612,3,3,NaN,NaN
1612,3,3,NaN,NaN
1612,3,3,NaN,NaN
1612,3,3,NaN,NaN
1612,3,3,NaN,NaN
1612,3,3,NaN,NaN
1612,3,3,NaN,NaN
1612,3,3,NaN,NaN
1612,3,3,NaN,NaN
1612,3,3,NaN,NaN
1612,3,3,NaN,NaN
1612,3,3,NaN,NaN
1612,3,3,NaN,NaN
1612,3,3,NaN,NaN
1612,3,3,NaN,NaN
1612,3,3,NaN,NaN
1612,3,3,NaN,NaN
1612,3,3,NaN,NaN
1612,3,3,NaN,NaN
1612,3,3,NaN,NaN
1612,3,3,NaN,NaN
1612,3,3,NaN,NaN
1612,3,3,NaN,NaN
1612,3,3,NaN,NaN
1612,3,3,NaN,NaN
1612,3,3,NaN,NaN
1612,3,3,NaN,NaN
1612,3,3,NaN,NaN
1612,3,3,NaN,NaN
1612,3,3,NaN,NaN
1612,3,3,NaN,NaN
1612,3,3,NaN,NaN
1612,3,3,NaN,NaN
1612,3,3,NaN,NaN
1612,3,3,NaN,NaN
1612,3,3,NaN,NaN
1612,3,3,NaN,NaN
1612,3,3,NaN,NaN
1612,3,3,NaN,NaN
1612,3,3,NaN,NaN
1612,3,3,NaN,NaN
1612,3,3,NaN,NaN
1612,3,3,NaN,NaN
1612,3,3,NaN,NaN
1612,3,3,NaN,NaN
1612,3,3,NaN,NaN
1612,3,3,NaN,NaN
1612,3,3,NaN,NaN
1612,3,3,NaN,NaN
1612,3,3,NaN,NaN
1612,3,3,NaN,NaN
1612,3,3,NaN,NaN
1612,3,3,NaN,NaN
1612,3,3,NaN,NaN
1612,3,3,NaN,NaN
1612,3,3,NaN,NaN
1612,3,3,NaN,NaN
1612,3,3,NaN,NaN
1612,3,3,NaN,NaN
1612,3,3,NaN,NaN
1612,3,3,NaN,NaN
1612,3,3,NaN,NaN
1612,3,3,NaN,NaN
1612,3,3,NaN,NaN
1612,3,3,NaN,NaN
1612,3,3,NaN,NaN
1612,3,3,NaN,NaN
1612,3,3,NaN,NaN
1612,3,3,NaN,NaN
1612,3,3,NaN,NaN
1612,3,3,NaN,NaN
1612,3,3,NaN,NaN
1612,3,3,NaN,NaN
1612,3,3,NaN,NaN
1612,3,3,NaN,NaN
1612,3,3,NaN,NaN
1612,3,3,NaN,NaN
1612,3,3,NaN,NaN
1626,1,2,4.12145,1.55215
1626,1,2,4.1248,1.55265
1626,1,2,4.123,1.5363
1626,1,2,4.1267,1.5678
1626,1,2,4.1184,1.5399
1626,1,2,4.1208,1.53
1626,1,2,4.1346,1.5561
1626,1,2,4.1204,1.5359
1626,1,2,4.12445,1.54015
1626,1,2,4.12505,1.52845
1626,1,2,4.12975,1.53305
1626,1,2,4.11455,1.5369
1626,1,2,4.1216,1.51595
1626,1,2,4.1248,1.5299
1626,1,2,4.112,1.5545
1626,1,2,4.1228,1.5562
1626,1,2,4.1268,1.53565
1626,1,2,4.12065,1.54285
1626,1,2,4.1292,1.5423
1626,1,2,4.13205,1.52965
1626,1,2,4.13925,1.5437
1626,1,2,4.13705,1.54195
1626,1,2,4.135,1.5427
1626,1,2,4.1263,1.5492
1626,1,2,4.1235,1.5509
1626,1,2,4.1348,1.5516
1626,1,2,4.14075,1.5564
1626,1,2,4.1429,1.564
1626,1,2,4.1462,1.5513
1626,1,2,4.14145,1.56495
1626,1,2,4.15195,1.58735
1626,1,2,4.1393,1.55175
1626,1,2,4.1385,1.5672
1626,1,2,4.1383,1.5489
1626,1,2,4.1386,1.5427
1626,1,2,4.1388,1.5621
1626,1,2,4.1237,1.57415
1626,1,2,4.1358,1.5632
1626,1,2,4.1349,1.5474
1626,1,2,4.1342,1.5424
1626,1,2,4.1349,1.5576
1626,1,2,4.13455,1.5559
1626,1,2,4.1379,1.56955
1626,1,2,4.1423,1.56405
1626,1,2,4.1465,1.56085
1626,1,2,4.1425,1.56995
1626,1,2,4.1505,1.5814
1626,1,2,4.14985,1.5744
1626,1,2,4.15065,1.57445
1626,1,2,4.14715,1.5721
1626,1,2,4.156,1.5842
1626,1,2,4.1289,1.6022
1626,1,2,4.12765,1.57575
1626,1,2,4.1402,1.6159
1626,1,2,4.1388,1.5939
1626,1,2,4.1402,1.5935
1626,1,2,NaN,NaN
1626,1,2,NaN,NaN
1626,1,2,NaN,NaN
1626,1,2,NaN,NaN
1626,1,2,NaN,NaN
1626,1,2,NaN,NaN
1626,1,2,NaN,NaN
1626,1,2,NaN,NaN
1626,1,2,NaN,NaN
1626,1,2,NaN,NaN
1626,1,2,NaN,NaN
1626,1,2,NaN,NaN
1626,1,2,NaN,NaN
1626,1,2,NaN,NaN
1626,1,2,NaN,NaN
1626,1,2,NaN,NaN
1626,1,2,NaN,NaN
1626,1,2,NaN,NaN
1626,1,2,NaN,NaN
1626,1,2,NaN,NaN
1626,1,2,NaN,NaN
1626,1,2,NaN,NaN
1626,1,2,NaN,NaN
1626,1,2,NaN,NaN
1626,1,2,NaN,NaN
1626,1,2,NaN,NaN
1626,1,2,NaN,NaN
1626,1,2,NaN,NaN
1626,1,2,NaN,NaN
1626,1,2,NaN,NaN
1626,1,2,NaN,NaN
1626,1,2,NaN,NaN
1626,1,2,NaN,NaN
1626,1,2,NaN,NaN
1626,1,2,NaN,NaN
1626,1,2,NaN,NaN
1626,1,2,NaN,NaN
1626,1,2,NaN,NaN
1626,1,2,NaN,NaN
1626,1,2,NaN,NaN
1626,1,2,NaN,NaN
1626,1,2,NaN,NaN
1626,1,2,NaN,NaN
1626,1,2,NaN,NaN
1626,1,3,4.20355,1.7022
1626,1,3,4.16595,1.65595
1626,1,3,4.20305,1.7299
1626,1,3,4.1903,1.6934
1626,1,3,4.1893,1.6327
1626,1,3,4.205,1.7053
1626,1,3,4.2193,1.72385
1626,1,3,4.2252,1.6672
1626,1,3,4.221,1.707
1626,1,3,4.2101,1.704
1626,1,3,4.2244,1.7208
1626,1,3,4.227,1.6846
1626,1,3,4.222,1.7115
1626,1,3,4.223,1.6967
1626,1,3,4.2123,1.7058
1626,1,3,4.1888,1.7107
1626,1,3,4.2185,1.7448
1626,1,3,4.21455,1.58875
1626,1,3,4.2222,1.734
1626,1,3,4.19425,1.6392
1626,1,3,NaN,NaN
1626,1,3,NaN,NaN
1626,1,3,NaN,NaN
1626,1,3,NaN,NaN
1626,1,3,NaN,NaN
1626,1,3,NaN,NaN
1626,1,3,NaN,NaN
1626,1,3,NaN,NaN
1626,1,3,NaN,NaN
1626,1,3,NaN,NaN
1626,1,3,NaN,NaN
1626,1,3,NaN,NaN
1626,1,3,NaN,NaN
1626,1,3,NaN,NaN
1626,1,3,NaN,NaN
1626,1,3,NaN,NaN
1626,1,3,NaN,NaN
1626,1,3,NaN,NaN
1626,1,3,NaN,NaN
1626,1,3,NaN,NaN
1626,1,3,NaN,NaN
1626,1,3,NaN,NaN
1626,1,3,NaN,NaN
1626,1,3,NaN,NaN
1626,1,3,NaN,NaN
1626,1,3,NaN,NaN
1626,1,3,NaN,NaN
1626,1,3,NaN,NaN
1626,1,3,NaN,NaN
1626,1,3,NaN,NaN
1626,1,3,NaN,NaN
1626,1,3,NaN,NaN
1626,1,3,NaN,NaN
1626,1,3,NaN,NaN
1626,1,3,NaN,NaN
1626,1,3,NaN,NaN
1626,1,3,NaN,NaN
1626,1,3,NaN,NaN
1626,1,3,NaN,NaN
1626,1,3,NaN,NaN
1626,1,3,NaN,NaN
1626,1,3,NaN,NaN
1626,1,3,NaN,NaN
1626,1,3,NaN,NaN
1626,1,3,NaN,NaN
1626,1,3,NaN,NaN
1626,1,3,NaN,NaN
1626,1,3,NaN,NaN
1626,1,3,NaN,NaN
1626,1,3,NaN,NaN
1626,1,3,NaN,NaN
1626,1,3,NaN,NaN
1626,1,3,NaN,NaN
1626,1,3,NaN,NaN
1626,1,3,NaN,NaN
1626,1,3,NaN,NaN
1626,1,3,NaN,NaN
1626,1,3,NaN,NaN
1626,1,3,NaN,NaN
1626,1,3,NaN,NaN
1626,1,3,NaN,NaN
1626,1,3,NaN,NaN
1626,1,3,NaN,NaN
1626,1,3,NaN,NaN
1626,1,3,NaN,NaN
1626,1,3,NaN,NaN
1626,1,3,NaN,NaN
1626,1,3,NaN,NaN
1626,1,3,NaN,NaN
1626,1,3,NaN,NaN
1626,1,3,NaN,NaN
1626,1,3,NaN,NaN
1626,1,3,NaN,NaN
1626,1,3,NaN,NaN
1626,1,3,NaN,NaN
1626,1,3,NaN,NaN
1626,1,3,NaN,NaN
1626,1,3,NaN,NaN
1626,1,3,NaN,NaN
1626,1,3,NaN,NaN
1626,2,2,4.1627,2.7515
1626,2,2,4.1777,2.73375
1626,2,2,4.1871,2.7407
1626,2,2,4.1702,2.7331
1626,2,2,4.1887,2.7414
1626,2,2,4.21415,2.757
1626,2,2,4.22955,2.77835
1626,2,2,4.244,2.794
1626,2,2,4.2146,2.786
1626,2,2,4.22195,2.7692
1626,2,2,4.2265,2.7777
1626,2,2,4.2304,2.7987
1626,2,2,4.23095,2.79865
1626,2,2,4.2369,2.8104
1626,2,2,4.18325,2.79945
1626,2,2,4.2196,2.8426
1626,2,2,4.24775,2.86705
1626,2,2,4.2629,2.8891
1626,2,2,4.1974,2.8517
1626,2,2,4.2153,2.85495
1626,2,2,4.2317,2.8473
1626,2,2,NaN,NaN
1626,2,2,NaN,NaN
1626,2,2,NaN,NaN
1626,2,2,NaN,NaN
1626,2,2,NaN,NaN
1626,2,2,NaN,NaN
1626,2,2,NaN,NaN
1626,2,2,NaN,NaN
1626,2,2,NaN,NaN
1626,2,2,NaN,NaN
1626,2,2,NaN,NaN
1626,2,2,NaN,NaN
1626,2,2,NaN,NaN
1626,2,2,NaN,NaN
1626,2,2,NaN,NaN
1626,2,2,NaN,NaN
1626,2,2,NaN,NaN
1626,2,2,NaN,NaN
1626,2,2,NaN,NaN
1626,2,2,NaN,NaN
1626,2,2,NaN,NaN
1626,2,2,NaN,NaN
1626,2,2,NaN,NaN
1626,2,2,NaN,NaN
1626,2,2,NaN,NaN
1626,2,2,NaN,NaN
1626,2,2,NaN,NaN
1626,2,2,NaN,NaN
1626,2,2,NaN,NaN
1626,2,2,NaN,NaN
1626,2,2,NaN,NaN
1626,2,2,NaN,NaN
1626,2,2,NaN,NaN
1626,2,2,NaN,NaN
1626,2,2,NaN,NaN
1626,2,2,NaN,NaN
1626,2,2,NaN,NaN
1626,2,2,NaN,NaN
1626,2,2,NaN,NaN
1626,2,2,NaN,NaN
1626,2,2,NaN,NaN
1626,2,2,NaN,NaN
1626,2,2,NaN,NaN
1626,2,2,NaN,NaN
1626,2,2,NaN,NaN
1626,2,2,NaN,NaN
1626,2,2,NaN,NaN
1626,2,2,NaN,NaN
1626,2,2,NaN,NaN
1626,2,2,NaN,NaN
1626,2,2,NaN,NaN
1626,2,2,NaN,NaN
1626,2,2,NaN,NaN
1626,2,2,NaN,NaN
1626,2,2,NaN,NaN
1626,2,2,NaN,NaN
1626,2,2,NaN,NaN
1626,2,2,NaN,NaN
1626,2,2,NaN,NaN
1626,2,2,NaN,NaN
1626,2,2,NaN,NaN
1626,2,2,NaN,NaN
1626,2,2,NaN,NaN
1626,2,2,NaN,NaN
1626,2,2,NaN,NaN
1626,2,2,NaN,NaN
1626,2,2,NaN,NaN
1626,2,2,NaN,NaN
1626,2,2,NaN,NaN
1626,2,2,NaN,NaN
1626,2,2,NaN,NaN
1626,2,2,NaN,NaN
1626,2,2,NaN,NaN
1626,2,2,NaN,NaN
1626,2,2,NaN,NaN
1626,2,2,NaN,NaN
1626,2,2,NaN,NaN
1626,2,2,NaN,NaN
1626,2,2,NaN,NaN
1626,2,3,4.2481,3.0554
1626,2,3,4.27475,3.168
1626,2,3,4.3352,3.3131
1626,2,3,4.3095,3.3148
1626,2,3,4.30125,3.26595
1626,2,3,4.3184,3.3397
1626,2,3,4.3073,3.3427
1626,2,3,4.3475,3.4737
1626,2,3,NaN,NaN
1626,2,3,NaN,NaN
1626,2,3,NaN,NaN
1626,2,3,NaN,NaN
1626,2,3,NaN,NaN
1626,2,3,NaN,NaN
1626,2,3,NaN,NaN
1626,2,3,NaN,NaN
1626,2,3,NaN,NaN
1626,2,3,NaN,NaN
1626,2,3,NaN,NaN
1626,2,3,NaN,NaN
1626,2,3,NaN,NaN
1626,2,3,NaN,NaN
1626,2,3,NaN,NaN
1626,2,3,NaN,NaN
1626,2,3,NaN,NaN
1626,2,3,NaN,NaN
1626,2,3,NaN,NaN
1626,2,3,NaN,NaN
1626,2,3,NaN,NaN
1626,2,3,NaN,NaN
1626,2,3,NaN,NaN
1626,2,3,NaN,NaN
1626,2,3,NaN,NaN
1626,2,3,NaN,NaN
1626,2,3,NaN,NaN
1626,2,3,NaN,NaN
1626,2,3,NaN,NaN
1626,2,3,NaN,NaN
1626,2,3,NaN,NaN
1626,2,3,NaN,NaN
1626,2,3,NaN,NaN
1626,2,3,NaN,NaN
1626,2,3,NaN,NaN
1626,2,3,NaN,NaN
1626,2,3,NaN,NaN
1626,2,3,NaN,NaN
1626,2,3,NaN,NaN
1626,2,3,NaN,NaN
1626,2,3,NaN,NaN
1626,2,3,NaN,NaN
1626,2,3,NaN,NaN
1626,2,3,NaN,NaN
1626,2,3,NaN,NaN
1626,2,3,NaN,NaN
1626,2,3,NaN,NaN
1626,2,3,NaN,NaN
1626,2,3,NaN,NaN
1626,2,3,NaN,NaN
1626,2,3,NaN,NaN
1626,2,3,NaN,NaN
1626,2,3,NaN,NaN
1626,2,3,NaN,NaN
1626,2,3,NaN,NaN
1626,2,3,NaN,NaN
1626,2,3,NaN,NaN
1626,2,3,NaN,NaN
1626,2,3,NaN,NaN
1626,2,3,NaN,NaN
1626,2,3,NaN,NaN
1626,2,3,NaN,NaN
1626,2,3,NaN,NaN
1626,2,3,NaN,NaN
1626,2,3,NaN,NaN
1626,2,3,NaN,NaN
1626,2,3,NaN,NaN
1626,2,3,NaN,NaN
1626,2,3,NaN,NaN
1626,2,3,NaN,NaN
1626,2,3,NaN,NaN
1626,2,3,NaN,NaN
1626,2,3,NaN,NaN
1626,2,3,NaN,NaN
1626,2,3,NaN,NaN
1626,2,3,NaN,NaN
1626,2,3,NaN,NaN
1626,2,3,NaN,NaN
1626,2,3,NaN,NaN
1626,2,3,NaN,NaN
1626,2,3,NaN,NaN
1626,2,3,NaN,NaN
1626,2,3,NaN,NaN
1626,2,3,NaN,NaN
1626,2,3,NaN,NaN
1626,2,3,NaN,NaN
1626,2,3,NaN,NaN
1626,2,3,NaN,NaN
1626,2,3,NaN,NaN
1626,2,3,NaN,NaN
1626,2,3,NaN,NaN
1626,2,3,NaN,NaN
1626,3,2,4.14235,2.24605
1626,3,2,4.14755,2.2992
1626,3,2,4.1371,2.20255
1626,3,2,4.1453,2.2021
1626,3,2,4.1363,2.2426
1626,3,2,4.1436,2.3164
1626,3,2,4.1284,2.1991
1626,3,2,4.13365,2.2495
1626,3,2,4.135,2.2281
1626,3,2,4.1297,2.1655
1626,3,2,4.13395,2.22855
1626,3,2,4.1225,2.2121
1626,3,2,4.13075,2.23065
1626,3,2,4.1299,2.2348
1626,3,2,4.1284,2.16835
1626,3,2,4.13325,2.2283
1626,3,2,4.1307,2.153
1626,3,2,4.1322,2.19525
1626,3,2,4.141,2.16585
1626,3,2,4.15,2.1816
1626,3,2,4.14715,2.20765
1626,3,2,4.1447,2.19485
1626,3,2,4.1535,2.2142
1626,3,2,4.1409,2.2349
1626,3,2,4.1474,2.2048
1626,3,2,4.1512,2.22115
1626,3,2,4.17155,2.3275
1626,3,2,4.153,2.2603
1626,3,2,4.13755,2.27105
1626,3,2,4.1394,2.2232
1626,3,2,4.1515,2.2407
1626,3,2,4.154,2.2078
1626,3,2,4.1516,2.206
1626,3,2,4.15455,2.2159
1626,3,2,4.1558,2.2184
1626,3,2,4.1563,2.2218
1626,3,2,4.16015,2.2064
1626,3,2,4.16205,2.2358
1626,3,2,4.1533,2.189
1626,3,2,4.1597,2.2261
1626,3,2,4.1623,2.2253
1626,3,2,4.14105,2.2567
1626,3,2,4.1432,2.227
1626,3,2,4.1518,2.1918
1626,3,2,4.1519,2.2377
1626,3,2,4.13575,2.2394
1626,3,2,4.1437,2.2508
1626,3,2,4.14345,2.22895
1626,3,2,4.1371,2.2381
1626,3,2,4.1459,2.20575
1626,3,2,4.1494,2.20915
1626,3,2,4.1505,2.207
1626,3,2,4.1545,2.3428
1626,3,2,4.155,2.2796
1626,3,2,4.1468,2.2626
1626,3,2,4.143,2.2552
1626,3,2,NaN,NaN
1626,3,2,NaN,NaN
1626,3,2,NaN,NaN
1626,3,2,NaN,NaN
1626,3,2,NaN,NaN
1626,3,2,NaN,NaN
1626,3,2,NaN,NaN
1626,3,2,NaN,NaN
1626,3,2,NaN,NaN
1626,3,2,NaN,NaN
1626,3,2,NaN,NaN
1626,3,2,NaN,NaN
1626,3,2,NaN,NaN
1626,3,2,NaN,NaN
1626,3,2,NaN,NaN
1626,3,2,NaN,NaN
1626,3,2,NaN,NaN
1626,3,2,NaN,NaN
1626,3,2,NaN,NaN
1626,3,2,NaN,NaN
1626,3,2,NaN,NaN
1626,3,2,NaN,NaN
1626,3,2,NaN,NaN
1626,3,2,NaN,NaN
1626,3,2,NaN,NaN
1626,3,2,NaN,NaN
1626,3,2,NaN,NaN
1626,3,2,NaN,NaN
1626,3,2,NaN,NaN
1626,3,2,NaN,NaN
1626,3,2,NaN,NaN
1626,3,2,NaN,NaN
1626,3,2,NaN,NaN
1626,3,2,NaN,NaN
1626,3,2,NaN,NaN
1626,3,2,NaN,NaN
1626,3,2,NaN,NaN
1626,3,2,NaN,NaN
1626,3,2,NaN,NaN
1626,3,2,NaN,NaN
1626,3,2,NaN,NaN
1626,3,2,NaN,NaN
1626,3,2,NaN,NaN
1626,3,2,NaN,NaN
1626,3,3,4.2241,2.4247
1626,3,3,4.2064,2.33365
1626,3,3,4.2074,2.2696
1626,3,3,4.2028,2.3769
1626,3,3,4.2095,2.3405
1626,3,3,4.19405,2.26595
1626,3,3,4.20295,2.20285
1626,3,3,4.2057,2.2293
1626,3,3,4.2223,2.3659
1626,3,3,4.224,2.3438
1626,3,3,4.2046,2.2636
1626,3,3,4.2114,2.35015
1626,3,3,4.2201,2.2562
1626,3,3,4.2158,2.3745
1626,3,3,4.2201,2.23945
1626,3,3,4.2172,2.3063
1626,3,3,4.2172,2.23015
1626,3,3,4.2007,2.2881
1626,3,3,4.2243,2.22535
1626,3,3,4.20745,2.288
1626,3,3,NaN,NaN
1626,3,3,NaN,NaN
1626,3,3,NaN,NaN
1626,3,3,NaN,NaN
1626,3,3,NaN,NaN
1626,3,3,NaN,NaN
1626,3,3,NaN,NaN
1626,3,3,NaN,NaN
1626,3,3,NaN,NaN
1626,3,3,NaN,NaN
1626,3,3,NaN,NaN
1626,3,3,NaN,NaN
1626,3,3,NaN,NaN
1626,3,3,NaN,NaN
1626,3,3,NaN,NaN
1626,3,3,NaN,NaN
1626,3,3,NaN,NaN
1626,3,3,NaN,NaN
1626,3,3,NaN,NaN
1626,3,3,NaN,NaN
1626,3,3,NaN,NaN
1626,3,3,NaN,NaN
1626,3,3,NaN,NaN
1626,3,3,NaN,NaN
1626,3,3,NaN,NaN
1626,3,3,NaN,NaN
1626,3,3,NaN,NaN
1626,3,3,NaN,NaN
1626,3,3,NaN,NaN
1626,3,3,NaN,NaN
1626,3,3,NaN,NaN
1626,3,3,NaN,NaN
1626,3,3,NaN,NaN
1626,3,3,NaN,NaN
1626,3,3,NaN,NaN
1626,3,3,NaN,NaN
1626,3,3,NaN,NaN
1626,3,3,NaN,NaN
1626,3,3,NaN,NaN
1626,3,3,NaN,NaN
1626,3,3,NaN,NaN
1626,3,3,NaN,NaN
1626,3,3,NaN,NaN
1626,3,3,NaN,NaN
1626,3,3,NaN,NaN
1626,3,3,NaN,NaN
1626,3,3,NaN,NaN
1626,3,3,NaN,NaN
1626,3,3,NaN,NaN
1626,3,3,NaN,NaN
1626,3,3,NaN,NaN
1626,3,3,NaN,NaN
1626,3,3,NaN,NaN
1626,3,3,NaN,NaN
1626,3,3,NaN,NaN
1626,3,3,NaN,NaN
1626,3,3,NaN,NaN
1626,3,3,NaN,NaN
1626,3,3,NaN,NaN
1626,3,3,NaN,NaN
1626,3,3,NaN,NaN
1626,3,3,NaN,NaN
1626,3,3,NaN,NaN
1626,3,3,NaN,NaN
1626,3,3,NaN,NaN
1626,3,3,NaN,NaN
1626,3,3,NaN,NaN
1626,3,3,NaN,NaN
1626,3,3,NaN,NaN
1626,3,3,NaN,NaN
1626,3,3,NaN,NaN
1626,3,3,NaN,NaN
1626,3,3,NaN,NaN
1626,3,3,NaN,NaN
1626,3,3,NaN,NaN
1626,3,3,NaN,NaN
1626,3,3,NaN,NaN
1626,3,3,NaN,NaN
1626,3,3,NaN,NaN
1626,3,3,NaN,NaN
1629,1,2,4.1346,1.66365
1629,1,2,4.1371,1.6501
1629,1,2,4.1409,1.6459
1629,1,2,4.1442,1.64255
1629,1,2,4.1278,1.648
1629,1,2,4.1412,1.6641
1629,1,2,4.13635,1.6532
1629,1,2,4.1397,1.645
1629,1,2,4.1347,1.66315
1629,1,2,4.135,1.7114
1629,1,2,4.1372,1.7235
1629,1,2,4.11845,1.67765
1629,1,2,NaN,NaN
1629,1,2,NaN,NaN
1629,1,2,NaN,NaN
1629,1,2,NaN,NaN
1629,1,2,NaN,NaN
1629,1,2,NaN,NaN
1629,1,2,NaN,NaN
1629,1,2,NaN,NaN
1629,1,2,NaN,NaN
1629,1,2,NaN,NaN
1629,1,2,NaN,NaN
1629,1,2,NaN,NaN
1629,1,2,NaN,NaN
1629,1,2,NaN,NaN
1629,1,2,NaN,NaN
1629,1,2,NaN,NaN
1629,1,2,NaN,NaN
1629,1,2,NaN,NaN
1629,1,2,NaN,NaN
1629,1,2,NaN,NaN
1629,1,2,NaN,NaN
1629,1,2,NaN,NaN
1629,1,2,NaN,NaN
1629,1,2,NaN,NaN
1629,1,2,NaN,NaN
1629,1,2,NaN,NaN
1629,1,2,NaN,NaN
1629,1,2,NaN,NaN
1629,1,2,NaN,NaN
1629,1,2,NaN,NaN
1629,1,2,NaN,NaN
1629,1,2,NaN,NaN
1629,1,2,NaN,NaN
1629,1,2,NaN,NaN
1629,1,2,NaN,NaN
1629,1,2,NaN,NaN
1629,1,2,NaN,NaN
1629,1,2,NaN,NaN
1629,1,2,NaN,NaN
1629,1,2,NaN,NaN
1629,1,2,NaN,NaN
1629,1,2,NaN,NaN
1629,1,2,NaN,NaN
1629,1,2,NaN,NaN
1629,1,2,NaN,NaN
1629,1,2,NaN,NaN
1629,1,2,NaN,NaN
1629,1,2,NaN,NaN
1629,1,2,NaN,NaN
1629,1,2,NaN,NaN
1629,1,2,NaN,NaN
1629,1,2,NaN,NaN
1629,1,2,NaN,NaN
1629,1,2,NaN,NaN
1629,1,2,NaN,NaN
1629,1,2,NaN,NaN
1629,1,2,NaN,NaN
1629,1,2,NaN,NaN
1629,1,2,NaN,NaN
1629,1,2,NaN,NaN
1629,1,2,NaN,NaN
1629,1,2,NaN,NaN
1629,1,2,NaN,NaN
1629,1,2,NaN,NaN
1629,1,2,NaN,NaN
1629,1,2,NaN,NaN
1629,1,2,NaN,NaN
1629,1,2,NaN,NaN
1629,1,2,NaN,NaN
1629,1,2,NaN,NaN
1629,1,2,NaN,NaN
1629,1,2,NaN,NaN
1629,1,2,NaN,NaN
1629,1,2,NaN,NaN
1629,1,2,NaN,NaN
1629,1,2,NaN,NaN
1629,1,2,NaN,NaN
1629,1,2,NaN,NaN
1629,1,2,NaN,NaN
1629,1,2,NaN,NaN
1629,1,2,NaN,NaN
1629,1,2,NaN,NaN
1629,1,2,NaN,NaN
1629,1,2,NaN,NaN
1629,1,2,NaN,NaN
1629,1,2,NaN,NaN
1629,1,2,NaN,NaN
1629,1,2,NaN,NaN
1629,1,3,4.2142,1.87425
1629,1,3,4.2238,1.881
1629,1,3,4.2233,1.8814
1629,1,3,NaN,NaN
1629,1,3,NaN,NaN
1629,1,3,NaN,NaN
1629,1,3,NaN,NaN
1629,1,3,NaN,NaN
1629,1,3,NaN,NaN
1629,1,3,NaN,NaN
1629,1,3,NaN,NaN
1629,1,3,NaN,NaN
1629,1,3,NaN,NaN
1629,1,3,NaN,NaN
1629,1,3,NaN,NaN
1629,1,3,NaN,NaN
1629,1,3,NaN,NaN
1629,1,3,NaN,NaN
1629,1,3,NaN,NaN
1629,1,3,NaN,NaN
1629,1,3,NaN,NaN
1629,1,3,NaN,NaN
1629,1,3,NaN,NaN
1629,1,3,NaN,NaN
1629,1,3,NaN,NaN
1629,1,3,NaN,NaN
1629,1,3,NaN,NaN
1629,1,3,NaN,NaN
1629,1,3,NaN,NaN
1629,1,3,NaN,NaN
1629,1,3,NaN,NaN
1629,1,3,NaN,NaN
1629,1,3,NaN,NaN
1629,1,3,NaN,NaN
1629,1,3,NaN,NaN
1629,1,3,NaN,NaN
1629,1,3,NaN,NaN
1629,1,3,NaN,NaN
1629,1,3,NaN,NaN
1629,1,3,NaN,NaN
1629,1,3,NaN,NaN
1629,1,3,NaN,NaN
1629,1,3,NaN,NaN
1629,1,3,NaN,NaN
1629,1,3,NaN,NaN
1629,1,3,NaN,NaN
1629,1,3,NaN,NaN
1629,1,3,NaN,NaN
1629,1,3,NaN,NaN
1629,1,3,NaN,NaN
1629,1,3,NaN,NaN
1629,1,3,NaN,NaN
1629,1,3,NaN,NaN
1629,1,3,NaN,NaN
1629,1,3,NaN,NaN
1629,1,3,NaN,NaN
1629,1,3,NaN,NaN
1629,1,3,NaN,NaN
1629,1,3,NaN,NaN
1629,1,3,NaN,NaN
1629,1,3,NaN,NaN
1629,1,3,NaN,NaN
1629,1,3,NaN,NaN
1629,1,3,NaN,NaN
1629,1,3,NaN,NaN
1629,1,3,NaN,NaN
1629,1,3,NaN,NaN
1629,1,3,NaN,NaN
1629,1,3,NaN,NaN
1629,1,3,NaN,NaN
1629,1,3,NaN,NaN
1629,1,3,NaN,NaN
1629,1,3,NaN,NaN
1629,1,3,NaN,NaN
1629,1,3,NaN,NaN
1629,1,3,NaN,NaN
1629,1,3,NaN,NaN
1629,1,3,NaN,NaN
1629,1,3,NaN,NaN
1629,1,3,NaN,NaN
1629,1,3,NaN,NaN
1629,1,3,NaN,NaN
1629,1,3,NaN,NaN
1629,1,3,NaN,NaN
1629,1,3,NaN,NaN
1629,1,3,NaN,NaN
1629,1,3,NaN,NaN
1629,1,3,NaN,NaN
1629,1,3,NaN,NaN
1629,1,3,NaN,NaN
1629,1,3,NaN,NaN
1629,1,3,NaN,NaN
1629,1,3,NaN,NaN
1629,1,3,NaN,NaN
1629,1,3,NaN,NaN
1629,1,3,NaN,NaN
1629,1,3,NaN,NaN
1629,1,3,NaN,NaN
1629,1,3,NaN,NaN
1629,1,3,NaN,NaN
1629,2,2,4.1244,2.6949
1629,2,2,4.1217,2.6936
1629,2,2,4.1212,2.6645
1629,2,2,4.1289,2.68935
1629,2,2,4.1304,2.69895
1629,2,2,4.137,2.7296
1629,2,2,4.1283,2.6719
1629,2,2,4.1408,2.6596
1629,2,2,4.15435,2.66105
1629,2,2,4.1599,2.6653
1629,2,2,4.1759,2.6913
1629,2,2,4.18575,2.7105
1629,2,2,4.13065,2.67
1629,2,2,4.1557,2.7037
1629,2,2,4.1676,2.6888
1629,2,2,4.1821,2.7031
1629,2,2,4.1834,2.7096
1629,2,2,4.18575,2.6981
1629,2,2,4.1916,2.7808
1629,2,2,4.1674,2.69155
1629,2,2,4.1722,2.67855
1629,2,2,4.1842,2.6753
1629,2,2,4.1856,2.7019
1629,2,2,4.1906,2.6977
1629,2,2,4.1916,2.7058
1629,2,2,4.1888,2.7049
1629,2,2,4.1908,2.7179
1629,2,2,4.1864,2.7048
1629,2,2,4.1962,2.77985
1629,2,2,4.1631,2.7238
1629,2,2,4.1795,2.7129
1629,2,2,4.1867,2.7142
1629,2,2,4.1969,2.7362
1629,2,2,4.20915,2.75985
1629,2,2,4.1545,2.7043
1629,2,2,NaN,NaN
1629,2,2,NaN,NaN
1629,2,2,NaN,NaN
1629,2,2,NaN,NaN
1629,2,2,NaN,NaN
1629,2,2,NaN,NaN
1629,2,2,NaN,NaN
1629,2,2,NaN,NaN
1629,2,2,NaN,NaN
1629,2,2,NaN,NaN
1629,2,2,NaN,NaN
1629,2,2,NaN,NaN
1629,2,2,NaN,NaN
1629,2,2,NaN,NaN
1629,2,2,NaN,NaN
1629,2,2,NaN,NaN
1629,2,2,NaN,NaN
1629,2,2,NaN,NaN
1629,2,2,NaN,NaN
1629,2,2,NaN,NaN
1629,2,2,NaN,NaN
1629,2,2,NaN,NaN
1629,2,2,NaN,NaN
1629,2,2,NaN,NaN
1629,2,2,NaN,NaN
1629,2,2,NaN,NaN
1629,2,2,NaN,NaN
1629,2,2,NaN,NaN
1629,2,2,NaN,NaN
1629,2,2,NaN,NaN
1629,2,2,NaN,NaN
1629,2,2,NaN,NaN
1629,2,2,NaN,NaN
1629,2,2,NaN,NaN
1629,2,2,NaN,NaN
1629,2,2,NaN,NaN
1629,2,2,NaN,NaN
1629,2,2,NaN,NaN
1629,2,2,NaN,NaN
1629,2,2,NaN,NaN
1629,2,2,NaN,NaN
1629,2,2,NaN,NaN
1629,2,2,NaN,NaN
1629,2,2,NaN,NaN
1629,2,2,NaN,NaN
1629,2,2,NaN,NaN
1629,2,2,NaN,NaN
1629,2,2,NaN,NaN
1629,2,2,NaN,NaN
1629,2,2,NaN,NaN
1629,2,2,NaN,NaN
1629,2,2,NaN,NaN
1629,2,2,NaN,NaN
1629,2,2,NaN,NaN
1629,2,2,NaN,NaN
1629,2,2,NaN,NaN
1629,2,2,NaN,NaN
1629,2,2,NaN,NaN
1629,2,2,NaN,NaN
1629,2,2,NaN,NaN
1629,2,2,NaN,NaN
1629,2,2,NaN,NaN
1629,2,2,NaN,NaN
1629,2,2,NaN,NaN
1629,2,2,NaN,NaN
1629,2,3,4.2173,2.9164
1629,2,3,4.23775,2.9752
1629,2,3,4.23765,2.91705
1629,2,3,4.22865,2.95825
1629,2,3,4.24715,2.9647
1629,2,3,4.2444,2.9302
1629,2,3,4.25775,2.9364
1629,2,3,4.2317,2.9208
1629,2,3,4.22975,2.9317
1629,2,3,4.25445,2.95475
1629,2,3,NaN,NaN
1629,2,3,NaN,NaN
1629,2,3,NaN,NaN
1629,2,3,NaN,NaN
1629,2,3,NaN,NaN
1629,2,3,NaN,NaN
1629,2,3,NaN,NaN
1629,2,3,NaN,NaN
1629,2,3,NaN,NaN
1629,2,3,NaN,NaN
1629,2,3,NaN,NaN
1629,2,3,NaN,NaN
1629,2,3,NaN,NaN
1629,2,3,NaN,NaN
1629,2,3,NaN,NaN
1629,2,3,NaN,NaN
1629,2,3,NaN,NaN
1629,2,3,NaN,NaN
1629,2,3,NaN,NaN
1629,2,3,NaN,NaN
1629,2,3,NaN,NaN
1629,2,3,NaN,NaN
1629,2,3,NaN,NaN
1629,2,3,NaN,NaN
1629,2,3,NaN,NaN
1629,2,3,NaN,NaN
1629,2,3,NaN,NaN
1629,2,3,NaN,NaN
1629,2,3,NaN,NaN
1629,2,3,NaN,NaN
1629,2,3,NaN,NaN
1629,2,3,NaN,NaN
1629,2,3,NaN,NaN
1629,2,3,NaN,NaN
1629,2,3,NaN,NaN
1629,2,3,NaN,NaN
1629,2,3,NaN,NaN
1629,2,3,NaN,NaN
1629,2,3,NaN,NaN
1629,2,3,NaN,NaN
1629,2,3,NaN,NaN
1629,2,3,NaN,NaN
1629,2,3,NaN,NaN
1629,2,3,NaN,NaN
1629,2,3,NaN,NaN
1629,2,3,NaN,NaN
1629,2,3,NaN,NaN
1629,2,3,NaN,NaN
1629,2,3,NaN,NaN
1629,2,3,NaN,NaN
1629,2,3,NaN,NaN
1629,2,3,NaN,NaN
1629,2,3,NaN,NaN
1629,2,3,NaN,NaN
1629,2,3,NaN,NaN
1629,2,3,NaN,NaN
1629,2,3,NaN,NaN
1629,2,3,NaN,NaN
1629,2,3,NaN,NaN
1629,2,3,NaN,NaN
1629,2,3,NaN,NaN
1629,2,3,NaN,NaN
1629,2,3,NaN,NaN
1629,2,3,NaN,NaN
1629,2,3,NaN,NaN
1629,2,3,NaN,NaN
1629,2,3,NaN,NaN
1629,2,3,NaN,NaN
1629,2,3,NaN,NaN
1629,2,3,NaN,NaN
1629,2,3,NaN,NaN
1629,2,3,NaN,NaN
1629,2,3,NaN,NaN
1629,2,3,NaN,NaN
1629,2,3,NaN,NaN
1629,2,3,NaN,NaN
1629,2,3,NaN,NaN
1629,2,3,NaN,NaN
1629,2,3,NaN,NaN
1629,2,3,NaN,NaN
1629,2,3,NaN,NaN
1629,2,3,NaN,NaN
1629,2,3,NaN,NaN
1629,2,3,NaN,NaN
1629,2,3,NaN,NaN
1629,2,3,NaN,NaN
1629,2,3,NaN,NaN
1629,2,3,NaN,NaN
1629,2,3,NaN,NaN
1629,2,3,NaN,NaN
1629,3,2,4.1322,1.9214
1629,3,2,4.1172,1.9094
1629,3,2,4.1267,1.9572
1629,3,2,4.1264,1.9664
1629,3,2,4.12475,1.95915
1629,3,2,4.1303,1.9578
1629,3,2,4.13695,1.98835
1629,3,2,4.1309,1.9349
1629,3,2,4.1352,1.941
1629,3,2,4.1329,1.9268
1629,3,2,4.1372,1.9068
1629,3,2,4.15005,1.92185
1629,3,2,4.15255,1.89825
1629,3,2,4.1612,1.9237
1629,3,2,4.164,1.9185
1629,3,2,4.1622,1.90865
1629,3,2,4.13645,1.93895
1629,3,2,4.1658,2.01795
1629,3,2,4.1624,1.95745
1629,3,2,4.1461,1.96
1629,3,2,4.1419,1.9318
1629,3,2,4.1552,1.95505
1629,3,2,4.1556,1.9581
1629,3,2,4.13515,1.9305
1629,3,2,4.1428,1.9184
1629,3,2,4.1596,1.9289
1629,3,2,4.175,1.9456
1629,3,2,4.1777,1.9615
1629,3,2,NaN,NaN
1629,3,2,NaN,NaN
1629,3,2,NaN,NaN
1629,3,2,NaN,NaN
1629,3,2,NaN,NaN
1629,3,2,NaN,NaN
1629,3,2,NaN,NaN
1629,3,2,NaN,NaN
1629,3,2,NaN,NaN
1629,3,2,NaN,NaN
1629,3,2,NaN,NaN
1629,3,2,NaN,NaN
1629,3,2,NaN,NaN
1629,3,2,NaN,NaN
1629,3,2,NaN,NaN
1629,3,2,NaN,NaN
1629,3,2,NaN,NaN
1629,3,2,NaN,NaN
1629,3,2,NaN,NaN
1629,3,2,NaN,NaN
1629,3,2,NaN,NaN
1629,3,2,NaN,NaN
1629,3,2,NaN,NaN
1629,3,2,NaN,NaN
1629,3,2,NaN,NaN
1629,3,2,NaN,NaN
1629,3,2,NaN,NaN
1629,3,2,NaN,NaN
1629,3,2,NaN,NaN
1629,3,2,NaN,NaN
1629,3,2,NaN,NaN
1629,3,2,NaN,NaN
1629,3,2,NaN,NaN
1629,3,2,NaN,NaN
1629,3,2,NaN,NaN
1629,3,2,NaN,NaN
1629,3,2,NaN,NaN
1629,3,2,NaN,NaN
1629,3,2,NaN,NaN
1629,3,2,NaN,NaN
1629,3,2,NaN,NaN
1629,3,2,NaN,NaN
1629,3,2,NaN,NaN
1629,3,2,NaN,NaN
1629,3,2,NaN,NaN
1629,3,2,NaN,NaN
1629,3,2,NaN,NaN
1629,3,2,NaN,NaN
1629,3,2,NaN,NaN
1629,3,2,NaN,NaN
1629,3,2,NaN,NaN
1629,3,2,NaN,NaN
1629,3,2,NaN,NaN
1629,3,2,NaN,NaN
1629,3,2,NaN,NaN
1629,3,2,NaN,NaN
1629,3,2,NaN,NaN
1629,3,2,NaN,NaN
1629,3,2,NaN,NaN
1629,3,2,NaN,NaN
1629,3,2,NaN,NaN
1629,3,2,NaN,NaN
1629,3,2,NaN,NaN
1629,3,2,NaN,NaN
1629,3,2,NaN,NaN
1629,3,2,NaN,NaN
1629,3,2,NaN,NaN
1629,3,2,NaN,NaN
1629,3,2,NaN,NaN
1629,3,2,NaN,NaN
1629,3,2,NaN,NaN
1629,3,2,NaN,NaN
1629,3,3,4.18415,2.0793
1629,3,3,4.2131,2.1227
1629,3,3,4.23615,2.1391
1629,3,3,4.23405,2.16415
1629,3,3,4.21915,2.17
1629,3,3,4.24475,2.1588
1629,3,3,NaN,NaN
1629,3,3,NaN,NaN
1629,3,3,NaN,NaN
1629,3,3,NaN,NaN
1629,3,3,NaN,NaN
1629,3,3,NaN,NaN
1629,3,3,NaN,NaN
1629,3,3,NaN,NaN
1629,3,3,NaN,NaN
1629,3,3,NaN,NaN
1629,3,3,NaN,NaN
1629,3,3,NaN,NaN
1629,3,3,NaN,NaN
1629,3,3,NaN,NaN
1629,3,3,NaN,NaN
1629,3,3,NaN,NaN
1629,3,3,NaN,NaN
1629,3,3,NaN,NaN
1629,3,3,NaN,NaN
1629,3,3,NaN,NaN
1629,3,3,NaN,NaN
1629,3,3,NaN,NaN
1629,3,3,NaN,NaN
1629,3,3,NaN,NaN
1629,3,3,NaN,NaN
1629,3,3,NaN,NaN
1629,3,3,NaN,NaN
1629,3,3,NaN,NaN
1629,3,3,NaN,NaN
1629,3,3,NaN,NaN
1629,3,3,NaN,NaN
1629,3,3,NaN,NaN
1629,3,3,NaN,NaN
1629,3,3,NaN,NaN
1629,3,3,NaN,NaN
1629,3,3,NaN,NaN
1629,3,3,NaN,NaN
1629,3,3,NaN,NaN
1629,3,3,NaN,NaN
1629,3,3,NaN,NaN
1629,3,3,NaN,NaN
1629,3,3,NaN,NaN
1629,3,3,NaN,NaN
1629,3,3,NaN,NaN
1629,3,3,NaN,NaN
1629,3,3,NaN,NaN
1629,3,3,NaN,NaN
1629,3,3,NaN,NaN
1629,3,3,NaN,NaN
1629,3,3,NaN,NaN
1629,3,3,NaN,NaN
1629,3,3,NaN,NaN
1629,3,3,NaN,NaN
1629,3,3,NaN,NaN
1629,3,3,NaN,NaN
1629,3,3,NaN,NaN
1629,3,3,NaN,NaN
1629,3,3,NaN,NaN
1629,3,3,NaN,NaN
1629,3,3,NaN,NaN
1629,3,3,NaN,NaN
1629,3,3,NaN,NaN
1629,3,3,NaN,NaN
1629,3,3,NaN,NaN
1629,3,3,NaN,NaN
1629,3,3,NaN,NaN
1629,3,3,NaN,NaN
1629,3,3,NaN,NaN
1629,3,3,NaN,NaN
1629,3,3,NaN,NaN
1629,3,3,NaN,NaN
1629,3,3,NaN,NaN
1629,3,3,NaN,NaN
1629,3,3,NaN,NaN
1629,3,3,NaN,NaN
1629,3,3,NaN,NaN
1629,3,3,NaN,NaN
1629,3,3,NaN,NaN
1629,3,3,NaN,NaN
1629,3,3,NaN,NaN
1629,3,3,NaN,NaN
1629,3,3,NaN,NaN
1629,3,3,NaN,NaN
1629,3,3,NaN,NaN
1629,3,3,NaN,NaN
1629,3,3,NaN,NaN
1629,3,3,NaN,NaN
1629,3,3,NaN,NaN
1629,3,3,NaN,NaN
1629,3,3,NaN,NaN
1629,3,3,NaN,NaN
1629,3,3,NaN,NaN
1629,3,3,NaN,NaN
1629,3,3,NaN,NaN
1630,1,2,4.15215,2.4076
1630,1,2,4.1527,2.4254
1630,1,2,4.15355,2.37625
1630,1,2,4.1618,2.3779
1630,1,2,4.1682,2.39145
1630,1,2,4.169,2.3575
1630,1,2,4.1744,2.3752
1630,1,2,4.1758,2.3655
1630,1,2,4.1752,2.3558
1630,1,2,4.16715,2.40275
1630,1,2,4.16575,2.3572
1630,1,2,4.1779,2.3703
1630,1,2,4.1802,2.3744
1630,1,2,4.1799,2.369
1630,1,2,4.1836,2.3664
1630,1,2,4.1823,2.36785
1630,1,2,4.18845,2.3644
1630,1,2,4.19,2.36205
1630,1,2,4.1933,2.3688
1630,1,2,4.1602,2.37355
1630,1,2,4.1653,2.3783
1630,1,2,4.1899,2.38285
1630,1,2,NaN,NaN
1630,1,2,NaN,NaN
1630,1,2,NaN,NaN
1630,1,2,NaN,NaN
1630,1,2,NaN,NaN
1630,1,2,NaN,NaN
1630,1,2,NaN,NaN
1630,1,2,NaN,NaN
1630,1,2,NaN,NaN
1630,1,2,NaN,NaN
1630,1,2,NaN,NaN
1630,1,2,NaN,NaN
1630,1,2,NaN,NaN
1630,1,2,NaN,NaN
1630,1,2,NaN,NaN
1630,1,2,NaN,NaN
1630,1,2,NaN,NaN
1630,1,2,NaN,NaN
1630,1,2,NaN,NaN
1630,1,2,NaN,NaN
1630,1,2,NaN,NaN
1630,1,2,NaN,NaN
1630,1,2,NaN,NaN
1630,1,2,NaN,NaN
1630,1,2,NaN,NaN
1630,1,2,NaN,NaN
1630,1,2,NaN,NaN
1630,1,2,NaN,NaN
1630,1,2,NaN,NaN
1630,1,2,NaN,NaN
1630,1,2,NaN,NaN
1630,1,2,NaN,NaN
1630,1,2,NaN,NaN
1630,1,2,NaN,NaN
1630,1,2,NaN,NaN
1630,1,2,NaN,NaN
1630,1,2,NaN,NaN
1630,1,2,NaN,NaN
1630,1,2,NaN,NaN
1630,1,2,NaN,NaN
1630,1,2,NaN,NaN
1630,1,2,NaN,NaN
1630,1,2,NaN,NaN
1630,1,2,NaN,NaN
1630,1,2,NaN,NaN
1630,1,2,NaN,NaN
1630,1,2,NaN,NaN
1630,1,2,NaN,NaN
1630,1,2,NaN,NaN
1630,1,2,NaN,NaN
1630,1,2,NaN,NaN
1630,1,2,NaN,NaN
1630,1,2,NaN,NaN
1630,1,2,NaN,NaN
1630,1,2,NaN,NaN
1630,1,2,NaN,NaN
1630,1,2,NaN,NaN
1630,1,2,NaN,NaN
1630,1,2,NaN,NaN
1630,1,2,NaN,NaN
1630,1,2,NaN,NaN
1630,1,2,NaN,NaN
1630,1,2,NaN,NaN
1630,1,2,NaN,NaN
1630,1,2,NaN,NaN
1630,1,2,NaN,NaN
1630,1,2,NaN,NaN
1630,1,2,NaN,NaN
1630,1,2,NaN,NaN
1630,1,2,NaN,NaN
1630,1,2,NaN,NaN
1630,1,2,NaN,NaN
1630,1,2,NaN,NaN
1630,1,2,NaN,NaN
1630,1,2,NaN,NaN
1630,1,2,NaN,NaN
1630,1,2,NaN,NaN
1630,1,2,NaN,NaN
1630,1,3,4.25925,2.78245
1630,1,3,4.2557,2.764
1630,1,3,4.2634,2.7427
1630,1,3,4.2603,2.74125
1630,1,3,4.2591,2.7325
1630,1,3,4.2744,2.75035
1630,1,3,NaN,NaN
1630,1,3,NaN,NaN
1630,1,3,NaN,NaN
1630,1,3,NaN,NaN
1630,1,3,NaN,NaN
1630,1,3,NaN,NaN
1630,1,3,NaN,NaN
1630,1,3,NaN,NaN
1630,1,3,NaN,NaN
1630,1,3,NaN,NaN
1630,1,3,NaN,NaN
1630,1,3,NaN,NaN
1630,1,3,NaN,NaN
1630,1,3,NaN,NaN
1630,1,3,NaN,NaN
1630,1,3,NaN,NaN
1630,1,3,NaN,NaN
1630,1,3,NaN,NaN
1630,1,3,NaN,NaN
1630,1,3,NaN,NaN
1630,1,3,NaN,NaN
1630,1,3,NaN,NaN
1630,1,3,NaN,NaN
1630,1,3,NaN,NaN
1630,1,3,NaN,NaN
1630,1,3,NaN,NaN
1630,1,3,NaN,NaN
1630,1,3,NaN,NaN
1630,1,3,NaN,NaN
1630,1,3,NaN,NaN
1630,1,3,NaN,NaN
1630,1,3,NaN,NaN
1630,1,3,NaN,NaN
1630,1,3,NaN,NaN
1630,1,3,NaN,NaN
1630,1,3,NaN,NaN
1630,1,3,NaN,NaN
1630,1,3,NaN,NaN
1630,1,3,NaN,NaN
1630,1,3,NaN,NaN
1630,1,3,NaN,NaN
1630,1,3,NaN,NaN
1630,1,3,NaN,NaN
1630,1,3,NaN,NaN
1630,1,3,NaN,NaN
1630,1,3,NaN,NaN
1630,1,3,NaN,NaN
1630,1,3,NaN,NaN
1630,1,3,NaN,NaN
1630,1,3,NaN,NaN
1630,1,3,NaN,NaN
1630,1,3,NaN,NaN
1630,1,3,NaN,NaN
1630,1,3,NaN,NaN
1630,1,3,NaN,NaN
1630,1,3,NaN,NaN
1630,1,3,NaN,NaN
1630,1,3,NaN,NaN
1630,1,3,NaN,NaN
1630,1,3,NaN,NaN
1630,1,3,NaN,NaN
1630,1,3,NaN,NaN
1630,1,3,NaN,NaN
1630,1,3,NaN,NaN
1630,1,3,NaN,NaN
1630,1,3,NaN,NaN
1630,1,3,NaN,NaN
1630,1,3,NaN,NaN
1630,1,3,NaN,NaN
1630,1,3,NaN,NaN
1630,1,3,NaN,NaN
1630,1,3,NaN,NaN
1630,1,3,NaN,NaN
1630,1,3,NaN,NaN
1630,1,3,NaN,NaN
1630,1,3,NaN,NaN
1630,1,3,NaN,NaN
1630,1,3,NaN,NaN
1630,1,3,NaN,NaN
1630,1,3,NaN,NaN
1630,1,3,NaN,NaN
1630,1,3,NaN,NaN
1630,1,3,NaN,NaN
1630,1,3,NaN,NaN
1630,1,3,NaN,NaN
1630,1,3,NaN,NaN
1630,1,3,NaN,NaN
1630,1,3,NaN,NaN
1630,1,3,NaN,NaN
1630,1,3,NaN,NaN
1630,1,3,NaN,NaN
1630,1,3,NaN,NaN
1630,1,3,NaN,NaN
1630,1,3,NaN,NaN
1630,2,2,4.1601,3.3347
1630,2,2,4.1591,3.28
1630,2,2,4.1578,3.2264
1630,2,2,4.1631,3.2893
1630,2,2,4.1556,3.21315
1630,2,2,4.1744,3.2362
1630,2,2,4.1736,3.21475
1630,2,2,4.18005,3.20765
1630,2,2,4.1767,3.20285
1630,2,2,NaN,NaN
1630,2,2,NaN,NaN
1630,2,2,NaN,NaN
1630,2,2,NaN,NaN
1630,2,2,NaN,NaN
1630,2,2,NaN,NaN
1630,2,2,NaN,NaN
1630,2,2,NaN,NaN
1630,2,2,NaN,NaN
1630,2,2,NaN,NaN
1630,2,2,NaN,NaN
1630,2,2,NaN,NaN
1630,2,2,NaN,NaN
1630,2,2,NaN,NaN
1630,2,2,NaN,NaN
1630,2,2,NaN,NaN
1630,2,2,NaN,NaN
1630,2,2,NaN,NaN
1630,2,2,NaN,NaN
1630,2,2,NaN,NaN
1630,2,2,NaN,NaN
1630,2,2,NaN,NaN
1630,2,2,NaN,NaN
1630,2,2,NaN,NaN
1630,2,2,NaN,NaN
1630,2,2,NaN,NaN
1630,2,2,NaN,NaN
1630,2,2,NaN,NaN
1630,2,2,NaN,NaN
1630,2,2,NaN,NaN
1630,2,2,NaN,NaN
1630,2,2,NaN,NaN
1630,2,2,NaN,NaN
1630,2,2,NaN,NaN
1630,2,2,NaN,NaN
1630,2,2,NaN,NaN
1630,2,2,NaN,NaN
1630,2,2,NaN,NaN
1630,2,2,NaN,NaN
1630,2,2,NaN,NaN
1630,2,2,NaN,NaN
1630,2,2,NaN,NaN
1630,2,2,NaN,NaN
1630,2,2,NaN,NaN
1630,2,2,NaN,NaN
1630,2,2,NaN,NaN
1630,2,2,NaN,NaN
1630,2,2,NaN,NaN
1630,2,2,NaN,NaN
1630,2,2,NaN,NaN
1630,2,2,NaN,NaN
1630,2,2,NaN,NaN
1630,2,2,NaN,NaN
1630,2,2,NaN,NaN
1630,2,2,NaN,NaN
1630,2,2,NaN,NaN
1630,2,2,NaN,NaN
1630,2,2,NaN,NaN
1630,2,2,NaN,NaN
1630,2,2,NaN,NaN
1630,2,2,NaN,NaN
1630,2,2,NaN,NaN
1630,2,2,NaN,NaN
1630,2,2,NaN,NaN
1630,2,2,NaN,NaN
1630,2,2,NaN,NaN
1630,2,2,NaN,NaN
1630,2,2,NaN,NaN
1630,2,2,NaN,NaN
1630,2,2,NaN,NaN
1630,2,2,NaN,NaN
1630,2,2,NaN,NaN
1630,2,2,NaN,NaN
1630,2,2,NaN,NaN
1630,2,2,NaN,NaN
1630,2,2,NaN,NaN
1630,2,2,NaN,NaN
1630,2,2,NaN,NaN
1630,2,2,NaN,NaN
1630,2,2,NaN,NaN
1630,2,2,NaN,NaN
1630,2,2,NaN,NaN
1630,2,2,NaN,NaN
1630,2,2,NaN,NaN
1630,2,2,NaN,NaN
1630,2,2,NaN,NaN
1630,2,2,NaN,NaN
1630,2,2,NaN,NaN
1630,2,2,NaN,NaN
1630,2,2,NaN,NaN
1630,2,2,NaN,NaN
1630,2,3,4.255,3.9012
1630,2,3,4.26245,3.88
1630,2,3,4.26705,3.7787
1630,2,3,4.27875,3.787
1630,2,3,NaN,NaN
1630,2,3,NaN,NaN
1630,2,3,NaN,NaN
1630,2,3,NaN,NaN
1630,2,3,NaN,NaN
1630,2,3,NaN,NaN
1630,2,3,NaN,NaN
1630,2,3,NaN,NaN
1630,2,3,NaN,NaN
1630,2,3,NaN,NaN
1630,2,3,NaN,NaN
1630,2,3,NaN,NaN
1630,2,3,NaN,NaN
1630,2,3,NaN,NaN
1630,2,3,NaN,NaN
1630,2,3,NaN,NaN
1630,2,3,NaN,NaN
1630,2,3,NaN,NaN
1630,2,3,NaN,NaN
1630,2,3,NaN,NaN
1630,2,3,NaN,NaN
1630,2,3,NaN,NaN
1630,2,3,NaN,NaN
1630,2,3,NaN,NaN
1630,2,3,NaN,NaN
1630,2,3,NaN,NaN
1630,2,3,NaN,NaN
1630,2,3,NaN,NaN
1630,2,3,NaN,NaN
1630,2,3,NaN,NaN
1630,2,3,NaN,NaN
1630,2,3,NaN,NaN
1630,2,3,NaN,NaN
1630,2,3,NaN,NaN
1630,2,3,NaN,NaN
1630,2,3,NaN,NaN
1630,2,3,NaN,NaN
1630,2,3,NaN,NaN
1630,2,3,NaN,NaN
1630,2,3,NaN,NaN
1630,2,3,NaN,NaN
1630,2,3,NaN,NaN
1630,2,3,NaN,NaN
1630,2,3,NaN,NaN
1630,2,3,NaN,NaN
1630,2,3,NaN,NaN
1630,2,3,NaN,NaN
1630,2,3,NaN,NaN
1630,2,3,NaN,NaN
1630,2,3,NaN,NaN
1630,2,3,NaN,NaN
1630,2,3,NaN,NaN
1630,2,3,NaN,NaN
1630,2,3,NaN,NaN
1630,2,3,NaN,NaN
1630,2,3,NaN,NaN
1630,2,3,NaN,NaN
1630,2,3,NaN,NaN
1630,2,3,NaN,NaN
1630,2,3,NaN,NaN
1630,2,3,NaN,NaN
1630,2,3,NaN,NaN
1630,2,3,NaN,NaN
1630,2,3,NaN,NaN
1630,2,3,NaN,NaN
1630,2,3,NaN,NaN
1630,2,3,NaN,NaN
1630,2,3,NaN,NaN
1630,2,3,NaN,NaN
1630,2,3,NaN,NaN
1630,2,3,NaN,NaN
1630,2,3,NaN,NaN
1630,2,3,NaN,NaN
1630,2,3,NaN,NaN
1630,2,3,NaN,NaN
1630,2,3,NaN,NaN
1630,2,3,NaN,NaN
1630,2,3,NaN,NaN
1630,2,3,NaN,NaN
1630,2,3,NaN,NaN
1630,2,3,NaN,NaN
1630,2,3,NaN,NaN
1630,2,3,NaN,NaN
1630,2,3,NaN,NaN
1630,2,3,NaN,NaN
1630,2,3,NaN,NaN
1630,2,3,NaN,NaN
1630,2,3,NaN,NaN
1630,2,3,NaN,NaN
1630,2,3,NaN,NaN
1630,2,3,NaN,NaN
1630,2,3,NaN,NaN
1630,2,3,NaN,NaN
1630,2,3,NaN,NaN
1630,2,3,NaN,NaN
1630,2,3,NaN,NaN
1630,3,2,4.15875,4.7197
1630,3,2,4.1631,4.6244
1630,3,2,4.17085,4.6401
1630,3,2,4.16015,4.64795
1630,3,2,4.16135,4.6401
1630,3,2,4.1676,4.6857
1630,3,2,4.1571,4.543
1630,3,2,4.16185,4.5158
1630,3,2,4.1781,4.54595
1630,3,2,4.1934,4.5376
1630,3,2,4.2038,4.5465
1630,3,2,4.149,4.5528
1630,3,2,4.1682,4.5475
1630,3,2,4.1871,4.5675
1630,3,2,4.1702,4.5958
1630,3,2,4.1735,4.5378
1630,3,2,4.17835,4.54985
1630,3,2,4.1883,4.5453
1630,3,2,4.1742,4.5636
1630,3,2,4.1886,4.5658
1630,3,2,4.1947,4.5484
1630,3,2,4.203,4.5831
1630,3,2,4.20975,4.6329
1630,3,2,4.20215,4.5573
1630,3,2,4.175,4.6129
1630,3,2,4.1779,4.5787
1630,3,2,NaN,NaN
1630,3,2,NaN,NaN
1630,3,2,NaN,NaN
1630,3,2,NaN,NaN
1630,3,2,NaN,NaN
1630,3,2,NaN,NaN
1630,3,2,NaN,NaN
1630,3,2,NaN,NaN
1630,3,2,NaN,NaN
1630,3,2,NaN,NaN
1630,3,2,NaN,NaN
1630,3,2,NaN,NaN
1630,3,2,NaN,NaN
1630,3,2,NaN,NaN
1630,3,2,NaN,NaN
1630,3,2,NaN,NaN
1630,3,2,NaN,NaN
1630,3,2,NaN,NaN
1630,3,2,NaN,NaN
1630,3,2,NaN,NaN
1630,3,2,NaN,NaN
1630,3,2,NaN,NaN
1630,3,2,NaN,NaN
1630,3,2,NaN,NaN
1630,3,2,NaN,NaN
1630,3,2,NaN,NaN
1630,3,2,NaN,NaN
1630,3,2,NaN,NaN
1630,3,2,NaN,NaN
1630,3,2,NaN,NaN
1630,3,2,NaN,NaN
1630,3,2,NaN,NaN
1630,3,2,NaN,NaN
1630,3,2,NaN,NaN
1630,3,2,NaN,NaN
1630,3,2,NaN,NaN
1630,3,2,NaN,NaN
1630,3,2,NaN,NaN
1630,3,2,NaN,NaN
1630,3,2,NaN,NaN
1630,3,2,NaN,NaN
1630,3,2,NaN,NaN
1630,3,2,NaN,NaN
1630,3,2,NaN,NaN
1630,3,2,NaN,NaN
1630,3,2,NaN,NaN
1630,3,2,NaN,NaN
1630,3,2,NaN,NaN
1630,3,2,NaN,NaN
1630,3,2,NaN,NaN
1630,3,2,NaN,NaN
1630,3,2,NaN,NaN
1630,3,2,NaN,NaN
1630,3,2,NaN,NaN
1630,3,2,NaN,NaN
1630,3,2,NaN,NaN
1630,3,2,NaN,NaN
1630,3,2,NaN,NaN
1630,3,2,NaN,NaN
1630,3,2,NaN,NaN
1630,3,2,NaN,NaN
1630,3,2,NaN,NaN
1630,3,2,NaN,NaN
1630,3,2,NaN,NaN
1630,3,2,NaN,NaN
1630,3,2,NaN,NaN
1630,3,2,NaN,NaN
1630,3,2,NaN,NaN
1630,3,2,NaN,NaN
1630,3,2,NaN,NaN
1630,3,2,NaN,NaN
1630,3,2,NaN,NaN
1630,3,2,NaN,NaN
1630,3,2,NaN,NaN
1630,3,3,4.2385,5.272
1630,3,3,4.231,5.0637
1630,3,3,4.2693,5.3223
1630,3,3,4.2798,5.2457
1630,3,3,4.2535,5.2461
1630,3,3,4.27125,5.43385
1630,3,3,4.22975,5.00015
1630,3,3,4.2755,5.27455
1630,3,3,4.27575,5.2007
1630,3,3,NaN,NaN
1630,3,3,NaN,NaN
1630,3,3,NaN,NaN
1630,3,3,NaN,NaN
1630,3,3,NaN,NaN
1630,3,3,NaN,NaN
1630,3,3,NaN,NaN
1630,3,3,NaN,NaN
1630,3,3,NaN,NaN
1630,3,3,NaN,NaN
1630,3,3,NaN,NaN
1630,3,3,NaN,NaN
1630,3,3,NaN,NaN
1630,3,3,NaN,NaN
1630,3,3,NaN,NaN
1630,3,3,NaN,NaN
1630,3,3,NaN,NaN
1630,3,3,NaN,NaN
1630,3,3,NaN,NaN
1630,3,3,NaN,NaN
1630,3,3,NaN,NaN
1630,3,3,NaN,NaN
1630,3,3,NaN,NaN
1630,3,3,NaN,NaN
1630,3,3,NaN,NaN
1630,3,3,NaN,NaN
1630,3,3,NaN,NaN
1630,3,3,NaN,NaN
1630,3,3,NaN,NaN
1630,3,3,NaN,NaN
1630,3,3,NaN,NaN
1630,3,3,NaN,NaN
1630,3,3,NaN,NaN
1630,3,3,NaN,NaN
1630,3,3,NaN,NaN
1630,3,3,NaN,NaN
1630,3,3,NaN,NaN
1630,3,3,NaN,NaN
1630,3,3,NaN,NaN
1630,3,3,NaN,NaN
1630,3,3,NaN,NaN
1630,3,3,NaN,NaN
1630,3,3,NaN,NaN
1630,3,3,NaN,NaN
1630,3,3,NaN,NaN
1630,3,3,NaN,NaN
1630,3,3,NaN,NaN
1630,3,3,NaN,NaN
1630,3,3,NaN,NaN
1630,3,3,NaN,NaN
1630,3,3,NaN,NaN
1630,3,3,NaN,NaN
1630,3,3,NaN,NaN
1630,3,3,NaN,NaN
1630,3,3,NaN,NaN
1630,3,3,NaN,NaN
1630,3,3,NaN,NaN
1630,3,3,NaN,NaN
1630,3,3,NaN,NaN
1630,3,3,NaN,NaN
1630,3,3,NaN,NaN
1630,3,3,NaN,NaN
1630,3,3,NaN,NaN
1630,3,3,NaN,NaN
1630,3,3,NaN,NaN
1630,3,3,NaN,NaN
1630,3,3,NaN,NaN
1630,3,3,NaN,NaN
1630,3,3,NaN,NaN
1630,3,3,NaN,NaN
1630,3,3,NaN,NaN
1630,3,3,NaN,NaN
1630,3,3,NaN,NaN
1630,3,3,NaN,NaN
1630,3,3,NaN,NaN
1630,3,3,NaN,NaN
1630,3,3,NaN,NaN
1630,3,3,NaN,NaN
1630,3,3,NaN,NaN
1630,3,3,NaN,NaN
1630,3,3,NaN,NaN
1630,3,3,NaN,NaN
1630,3,3,NaN,NaN
1630,3,3,NaN,NaN
1630,3,3,NaN,NaN
1630,3,3,NaN,NaN
1630,3,3,NaN,NaN
1630,3,3,NaN,NaN
1630,3,3,NaN,NaN
1630,3,3,NaN,NaN
1630,3,3,NaN,NaN